# Kroupa IMF
# ntot (mmin,mmax,mcut)/Msol (pmin,pmax)/days (lxmin,lxmax)/ergs/s
100000 0.01 100.0 8.0 0.1 1000.0 33.0 39.0
# n (m1,m2)/M* P/days a/AU (t1,t2)/Myrs (mr1,mr2)/M*
1      98.8412      93.8563      48.8144       1.4955       3.3190       3.3800      76.0859      72.4400
2      98.3264       0.6568      23.1343       0.7281       3.3251   48484.4312      75.7098       0.0000
3      94.5583       0.0000       0.0000       0.0000       3.3712 12050027744818292919277434657381038584722620416.0000      72.9541       0.0000
4      93.1468      81.6294     225.6090       4.0167       3.3891       3.5649      71.9203      63.4544
5      92.8422      46.5907      19.1660       0.7199       3.3930       4.7553      71.6972      37.2708
6      91.7241      67.8344      13.9889       0.6104       3.4075       3.8777      70.8776      53.2325
7      89.8739      87.6819      76.5249       1.9639       3.4320       3.4619      69.5203      67.9104
8      88.7211       0.0000       0.0000       0.0000       3.4476 12050027744818292919277434657381038584722620416.0000      68.6739       0.0000
9      88.6648       0.0000       0.0000       0.0000       3.4484 12050027744818292919277434657381038584722620416.0000      68.6326       0.0000
10      88.2754       0.0000       0.0000       0.0000       3.4537 12050027744818292919277434657381038584722620416.0000      68.3465       0.0000
11      88.0888       0.0000       0.0000       0.0000       3.4563 12050027744818292919277434657381038584722620416.0000      68.2094       0.0000
12      85.7260       0.0000       0.0000       0.0000       3.4895 12050027744818292919277434657381038584722620416.0000      66.4722       0.0000
13      82.3985      19.5181     847.2233       8.1075       3.5498      10.1952      64.0215      16.3241
14      80.0753       0.0000       0.0000       0.0000       3.5962 12050027744818292919277434657381038584722620416.0000      62.3075       0.0000
15      79.8865       0.0000       0.0000       0.0000       3.6000 12050027744818292919277434657381038584722620416.0000      62.1681       0.0000
16      78.6212      16.1417    2135.7394      14.6572       3.6263      12.8161      61.2335      13.6320
17      77.2398      72.4147       3.3818       0.2319       3.6556       3.7643      60.2121      56.6372
18      76.8058       0.7100       1.5805       0.1122       3.6649   34898.7199      59.8910       0.0000
19      76.4556       9.8493     377.6615       4.4760       3.6726      26.7567      59.6319       8.5307
20      74.9357      15.2895     102.5750       1.9052       3.7062      13.6813      58.5064      12.9482
21      74.7799       0.0000       0.0000       0.0000       3.7097 12050027744818292919277434657381038584722620416.0000      58.3911       0.0000
22      74.3537       0.0000       0.0000       0.0000       3.7194 12050027744818292919277434657381038584722620416.0000      58.0753       0.0000
23      74.3151       0.0000       0.0000       0.0000       3.7202 12050027744818292919277434657381038584722620416.0000      58.0466       0.0000
24      72.4660      26.4288     216.0574       3.2278       3.7631       7.4348      56.6753      21.7640
25      71.1797       0.0000       0.0000       0.0000       3.7938 12050027744818292919277434657381038584722620416.0000      55.7203       0.0000
26      69.7130       0.0000       0.0000       0.0000       3.8299 12050027744818292919277434657381038584722620416.0000      54.6303       0.0000
27      68.7659      29.1215      33.0247       0.9196       3.8537       6.8379      53.9258      23.8628
28      68.3936      61.7215       9.0965       0.4281       3.8632       4.0477      53.6487      48.6698
29      67.1223       0.0000       0.0000       0.0000       3.8963 12050027744818292919277434657381038584722620416.0000      52.7021       0.0000
30      66.6615       0.0000       0.0000       0.0000       3.9085 12050027744818292919277434657381038584722620416.0000      52.3587       0.0000
31      66.5034       0.0000       0.0000       0.0000       3.9127 12050027744818292919277434657381038584722620416.0000      52.2409       0.0000
32      66.0716      14.9531       3.1347       0.1797       3.9243      14.0643      51.9190      12.6777
33      65.9883       0.0000       0.0000       0.0000       3.9266 12050027744818292919277434657381038584722620416.0000      51.8568       0.0000
34      64.6362       0.0000       0.0000       0.0000       3.9637 12050027744818292919277434657381038584722620416.0000      50.8481       0.0000
35      64.3157      33.3908       1.3088       0.1068       3.9727       6.0767      50.6088      27.1703
36      63.7706      34.7524     513.0326       5.7378       3.9880       5.8707      50.2018      28.2206
37      63.2042      55.5531     553.4738       6.4233       4.0042       4.2893      49.7786      44.0424
38      62.6908       5.2794     380.3093       4.1528       4.0191      95.3848      49.3948       4.7208
39      62.6325       0.0000       0.0000       0.0000       4.0208 12050027744818292919277434657381038584722620416.0000      49.3513       0.0000
40      60.6653       0.0000       0.0000       0.0000       4.0795 12050027744818292919277434657381038584722620416.0000      47.8792       0.0000
41      60.0562       8.6974     147.6179       2.2182       4.0983      33.8423      47.4230       7.5812
42      59.2633       0.0000       0.0000       0.0000       4.1298 12050027744818292919277434657381038584722620416.0000      46.8287       0.0000
43      59.1138      32.0180       1.1205       0.0941       4.1359       6.3008      46.7166      26.1093
44      59.0743       9.3886       1.1886       0.0890       4.1375      29.2905      46.6870       8.1517
45      58.7531       0.0000       0.0000       0.0000       4.1508 12050027744818292919277434657381038584722620416.0000      46.4461       0.0000
46      57.7659       0.0000       0.0000       0.0000       4.1922 12050027744818292919277434657381038584722620416.0000      45.7053       0.0000
47      57.1527       0.0000       0.0000       0.0000       4.2185 12050027744818292919277434657381038584722620416.0000      45.2447       0.0000
48      57.0519       0.0000       0.0000       0.0000       4.2229 12050027744818292919277434657381038584722620416.0000      45.1691       0.0000
49      56.7522       0.0000       0.0000       0.0000       4.2359 12050027744818292919277434657381038584722620416.0000      44.9439       0.0000
50      56.3101       0.0000       0.0000       0.0000       4.2554 12050027744818292919277434657381038584722620416.0000      44.6116       0.0000
51      55.9348      16.6365      14.4090       0.4788       4.2721      12.3583      44.3294      14.0282
52      55.7936       0.0000       0.0000       0.0000       4.2785 12050027744818292919277434657381038584722620416.0000      44.2232       0.0000
53      55.3204       0.0000       0.0000       0.0000       4.2999 12050027744818292919277434657381038584722620416.0000      43.8673       0.0000
54      55.2573       0.0000       0.0000       0.0000       4.3028 12050027744818292919277434657381038584722620416.0000      43.8198       0.0000
55      54.4739      34.5550     308.3395       3.9507       4.3389       5.8997      43.2302      28.0684
56      54.2925      36.4427       7.3701       0.3299       4.3474       5.6351      43.0935      29.5213
57      53.5080      43.0655     167.6808       2.7045       4.3847       4.9797      42.5024      34.5897
58      53.0155      50.0921     671.5282       6.9707       4.4085       4.5575      42.1311      39.9236
59      52.9777       0.0000       0.0000       0.0000       4.4103 12050027744818292919277434657381038584722620416.0000      42.1026       0.0000
60      52.2604       0.0000       0.0000       0.0000       4.4457 12050027744818292919277434657381038584722620416.0000      41.5616       0.0000
61      52.0312       0.0000       0.0000       0.0000       4.4572 12050027744818292919277434657381038584722620416.0000      41.3886       0.0000
62      51.8974       0.0000       0.0000       0.0000       4.4639 12050027744818292919277434657381038584722620416.0000      41.2876       0.0000
63      51.7575       0.0000       0.0000       0.0000       4.4710 12050027744818292919277434657381038584722620416.0000      41.1820       0.0000
64      51.5141       0.0000       0.0000       0.0000       4.4834 12050027744818292919277434657381038584722620416.0000      40.9982       0.0000
65      51.3282       0.0000       0.0000       0.0000       4.4929 12050027744818292919277434657381038584722620416.0000      40.8578       0.0000
66      50.1639       0.0000       0.0000       0.0000       4.5537 12050027744818292919277434657381038584722620416.0000      39.9779       0.0000
67      48.5967       0.0000       0.0000       0.0000       4.6392 12050027744818292919277434657381038584722620416.0000      38.7918       0.0000
68      48.4006       0.0000       0.0000       0.0000       4.6502 12050027744818292919277434657381038584722620416.0000      38.6433       0.0000
69      48.3884      38.6937       5.6362       0.2721       4.6509       5.3511      38.6340      31.2489
70      48.2025       4.6811       4.2117       0.1898       4.6614     125.2852      38.4932       4.2116
71      48.0024      16.9191    1388.5728       9.6972       4.6728      12.1101      38.3415      14.2542
72      47.9182       0.0000       0.0000       0.0000       4.6776 12050027744818292919277434657381038584722620416.0000      38.2777       0.0000
73      47.7315       2.0695     618.5711       5.1778       4.6883    1081.0086      38.1362       1.8823
74      47.7196       0.0000       0.0000       0.0000       4.6890 12050027744818292919277434657381038584722620416.0000      38.1272       0.0000
75      47.6824      14.0336    4383.4001      20.5185       4.6912      15.4316      38.0990      11.9368
76      47.5454      10.5866     691.8098       5.8740       4.6991      23.7255      37.9951       9.1355
77      47.3641       0.0000       0.0000       0.0000       4.7096 12050027744818292919277434657381038584722620416.0000      37.8576       0.0000
78      46.4392      33.8037      21.9930       0.6563       4.7644       6.0126      37.1558      27.4890
79      46.3001       9.7626      34.5747       0.7874       4.7728      27.2072      37.0502       8.4595
80      45.9433      19.3068    2106.3042      12.8237       4.7944      10.3297      36.7792      16.1564
81      45.8325      35.6242     654.2466       6.3330       4.8012       5.7466      36.6951      28.8919
82      45.8089       0.0000       0.0000       0.0000       4.8027 12050027744818292919277434657381038584722620416.0000      36.6772       0.0000
83      45.3578      25.1565     275.9925       3.3949       4.8306       7.7581      36.3343      20.7686
84      44.4073      10.5072     269.8049       3.0766       4.8910      24.0140      35.6115       9.0705
85      44.3902      39.6972       1.5150       0.1120       4.8921       5.2342      35.5984      32.0174
86      44.2927       0.0000       0.0000       0.0000       4.8984 12050027744818292919277434657381038584722620416.0000      35.5243       0.0000
87      44.1473       0.0000       0.0000       0.0000       4.9078 12050027744818292919277434657381038584722620416.0000      35.4136       0.0000
88      43.8386      23.5426       9.7491       0.3600       4.9281       8.3170      35.1786      19.5022
89      43.1445       0.0000       0.0000       0.0000       4.9744 12050027744818292919277434657381038584722620416.0000      34.6499       0.0000
90      43.1274      14.1152       8.7947       0.3183       4.9755      15.3013      34.6369      12.0027
91      42.8943      18.2329      37.6591       0.8580       4.9914      11.0669      34.4592      15.3024
92      42.8113       0.0000       0.0000       0.0000       4.9970 12050027744818292919277434657381038584722620416.0000      34.3959       0.0000
93      42.7963       4.0778    8616.2924      29.3763       4.9981     172.2136      34.3845       3.6949
94      42.6669      31.3241     769.1014       6.8316       5.0069       6.4210      34.2858      25.5721
95      42.5662      40.5422     147.0522       2.3569       5.0139       5.1591      34.2090      32.6637
96      42.4712      40.5867      41.6470       1.0162       5.0204       5.1558      34.1366      32.6977
97      42.0897       0.0000       0.0000       0.0000       5.0471 12050027744818292919277434657381038584722620416.0000      33.8455       0.0000
98      41.6040       0.0000       0.0000       0.0000       5.0815 12050027744818292919277434657381038584722620416.0000      33.4749       0.0000
99      41.2954       0.0000       0.0000       0.0000       5.1038 12050027744818292919277434657381038584722620416.0000      33.2392       0.0000
100      41.2722       5.2598     246.0157       2.7376       5.1054      96.1746      33.2215       4.7042
101      40.8634       0.0000       0.0000       0.0000       5.1353 12050027744818292919277434657381038584722620416.0000      32.9092       0.0000
102      40.7425      37.4418    1086.4729       8.7604       5.1442       5.5051      32.8168      30.2888
103      40.5746      28.5564     317.6894       3.7042       5.1567       6.9545      32.6884      23.4231
104      40.3763      25.7483      76.6675       1.4147       5.1715       7.6040      32.5368      21.2319
105      39.2516       0.0000       0.0000       0.0000       5.2854 12050027744818292919277434657381038584722620416.0000      31.6762       0.0000
106      39.1349      27.4149       7.7281       0.3071       5.2990       7.2036      31.5869      22.5338
107      39.1064       0.0000       0.0000       0.0000       5.3023 12050027744818292919277434657381038584722620416.0000      31.5651       0.0000
108      39.0057       6.6777       2.0416       0.1115       5.3142      56.6252      31.4879       5.8998
109      38.9086      15.5921      23.3941       0.6012       5.3256      13.3621      31.4135      13.1912
110      38.7251       0.0000       0.0000       0.0000       5.3474 12050027744818292919277434657381038584722620416.0000      31.2730       0.0000
111      38.2514      10.9016      10.4753       0.3400       5.4044      22.6341      30.9099       9.3933
112      37.5319       0.0000       0.0000       0.0000       5.4937 12050027744818292919277434657381038584722620416.0000      30.3579       0.0000
113      37.5057       0.0000       0.0000       0.0000       5.4970 12050027744818292919277434657381038584722620416.0000      30.3378       0.0000
114      37.4817      17.5462      74.5936       1.3066       5.5000      11.5907      30.3194      14.7550
115      37.4510       0.0000       0.0000       0.0000       5.5039 12050027744818292919277434657381038584722620416.0000      30.2959       0.0000
116      37.3967      28.4638    8622.2288      32.9175       5.5108       6.9740      30.2542      23.3510
117      37.3697      14.8475      73.1463       1.2673       5.5143      14.2108      30.2334      12.5927
118      37.1510      17.9878     879.0622       6.7708       5.5423      11.2488      30.0655      15.1072
119      36.9444       0.0000       0.0000       0.0000       5.5690 12050027744818292919277434657381038584722620416.0000      29.9068       0.0000
120      36.8865      27.0636      28.0082       0.7150       5.5765       7.2841      29.8623      22.2597
121      36.7535       0.0000       0.0000       0.0000       5.5939 12050027744818292919277434657381038584722620416.0000      29.7602       0.0000
122      36.4564       4.1536      19.3799       0.4807       5.6332     165.0557      29.5319       3.7600
123      36.3795      16.7624     279.8982       3.1185       5.6435      12.2466      29.4728      14.1290
124      36.2802       0.0000       0.0000       0.0000       5.6568 12050027744818292919277434657381038584722620416.0000      29.3964       0.0000
125      36.2079      27.4580       4.2090       0.2018       5.6666       7.1938      29.3408      22.5674
126      36.1753       0.0000       0.0000       0.0000       5.6710 12050027744818292919277434657381038584722620416.0000      29.3158       0.0000
127      35.7898      34.2455       7.0497       0.2938       5.7236       5.9456      29.0193      27.8298
128      35.5892      15.9341    1616.5899       9.9359       5.7515      13.0175      28.8649      13.4656
129      35.5210       0.0000       0.0000       0.0000       5.7610 12050027744818292919277434657381038584722620416.0000      28.8125       0.0000
130      35.2335       0.0000       0.0000       0.0000       5.8015 12050027744818292919277434657381038584722620416.0000      28.5911       0.0000
131      35.1960       0.0000       0.0000       0.0000       5.8068 12050027744818292919277434657381038584722620416.0000      28.5622       0.0000
132      35.1685       0.0000       0.0000       0.0000       5.8108 12050027744818292919277434657381038584722620416.0000      28.5411       0.0000
133      34.7633      17.8950     262.2704       2.9771       5.8691      11.3191      28.2289      15.0333
134      34.3133       0.0000       0.0000       0.0000       5.9355 12050027744818292919277434657381038584722620416.0000      27.8821       0.0000
135      33.9754      18.8435    7515.9820      27.9078       5.9864      10.6364      27.6215      15.7883
136      33.9575       0.0000       0.0000       0.0000       5.9891 12050027744818292919277434657381038584722620416.0000      27.6077       0.0000
137      33.9552       0.0000       0.0000       0.0000       5.9894 12050027744818292919277434657381038584722620416.0000      27.6059       0.0000
138      33.4205       7.9559      58.4568       1.0099       6.0720      40.0466      27.1932       6.9665
139      33.3744       0.0000       0.0000       0.0000       6.0793 12050027744818292919277434657381038584722620416.0000      27.1577       0.0000
140      33.1712      22.7375       5.9837       0.2443       6.1114       8.6320      27.0008      18.8689
141      32.5916       7.5221       3.2946       0.1469       6.2050      44.5206      26.5529       6.6055
142      32.3008       0.0000       0.0000       0.0000       6.2532 12050027744818292919277434657381038584722620416.0000      26.3280       0.0000
143      32.1581      15.8534      18.8863       0.4997       6.2771      13.0973      26.2177      13.4009
144      32.1118      19.4117    7491.0197      27.6165       6.2849      10.2625      26.1819      16.2397
145      32.0645      14.0716       6.7511       0.2484       6.2929      15.3706      26.1452      11.9675
146      32.0181       0.0000       0.0000       0.0000       6.3008 12050027744818292919277434657381038584722620416.0000      26.1093       0.0000
147      31.9695       0.0000       0.0000       0.0000       6.3090 12050027744818292919277434657381038584722620416.0000      26.0717       0.0000
148      31.5842       0.0000       0.0000       0.0000       6.3754 12050027744818292919277434657381038584722620416.0000      25.7735       0.0000
149      31.3158      15.6185     107.3156       1.5791       6.4225      13.3349      25.5656      13.2124
150      31.1350       0.0000       0.0000       0.0000       6.4547 12050027744818292919277434657381038584722620416.0000      25.4256       0.0000
151      31.1099       0.0000       0.0000       0.0000       6.4592 12050027744818292919277434657381038584722620416.0000      25.4061       0.0000
152      31.0757       0.0000       0.0000       0.0000       6.4653 12050027744818292919277434657381038584722620416.0000      25.3796       0.0000
153      30.9486       0.0000       0.0000       0.0000       6.4882 12050027744818292919277434657381038584722620416.0000      25.2811       0.0000
154      30.8086       2.2751      20.4712       0.4657       6.5136     842.3765      25.1726       0.0000
155      30.6779       0.0000       0.0000       0.0000       6.5375 12050027744818292919277434657381038584722620416.0000      25.0712       0.0000
156      30.6156      29.6998      14.6824       0.4558       6.5490       6.7229      25.0229      24.3121
157      30.5043      20.8929    1048.7627       7.4400       6.5696       9.4486      24.9366      17.4133
158      30.2185      15.6562       4.7916       0.1972       6.6232      13.2962      24.7148      13.2427
159      30.1477      20.7870       4.2847       0.1896       6.6366       9.5001      24.6599      17.3295
160      30.0560      29.8185    1942.7872      11.8078       6.6541       6.6998      24.5887      24.4043
161      29.9044       0.0000       0.0000       0.0000       6.6832 12050027744818292919277434657381038584722620416.0000      24.4710       0.0000
162      29.7934      14.5266    5014.9049      20.0993       6.7046      14.6720      24.3849      12.3344
163      29.7366       0.0000       0.0000       0.0000       6.7157 12050027744818292919277434657381038584722620416.0000      24.3407       0.0000
164      29.6656       2.5603       1.6476       0.0861       6.7295     613.9979      24.2856       2.3758
165      29.5834      18.8955     852.3650       6.3544       6.7457      10.6012      24.2217      15.8296
166      29.5231       0.0000       0.0000       0.0000       6.7576 12050027744818292919277434657381038584722620416.0000      24.1749       0.0000
167      29.4508      28.5243      30.4431       0.7315       6.7719       6.9612      24.1187      23.3981
168      29.4349      11.7282     388.2748       3.5623       6.7750      20.1272      24.1063      10.0678
169      29.4160       0.0000       0.0000       0.0000       6.7788 12050027744818292919277434657381038584722620416.0000      24.0917       0.0000
170      29.3247       6.9122      67.5750       1.0643       6.7970      52.4485      24.0207       6.0963
171      29.3233      14.3819     149.6348       1.9246       6.7973      14.8882      24.0196      12.2178
172      29.1222      24.9021       4.3362       0.1949       6.8377       7.8328      23.8633      20.5692
173      28.9626       0.0000       0.0000       0.0000       6.8702 12050027744818292919277434657381038584722620416.0000      23.7392       0.0000
174      28.7264       0.0000       0.0000       0.0000       6.9189 12050027744818292919277434657381038584722620416.0000      23.5554       0.0000
175      28.7220       0.0000       0.0000       0.0000       6.9199 12050027744818292919277434657381038584722620416.0000      23.5520       0.0000
176      28.5334       0.0000       0.0000       0.0000       6.9593 12050027744818292919277434657381038584722620416.0000      23.4052       0.0000
177      28.5276       0.0000       0.0000       0.0000       6.9605 12050027744818292919277434657381038584722620416.0000      23.4007       0.0000
178      28.5101      17.2769       9.0101       0.3003       6.9642      11.8086      23.3871      14.5401
179      28.4242      25.0064       8.2350       0.2977       6.9823       7.7983      23.3202      20.6510
180      28.3781      21.7367      30.3617       0.6956       6.9921       9.0573      23.2844      18.0799
181      28.2116       9.4825     117.1245       1.5559       7.0277      28.7454      23.1547       8.2290
182      28.1777       0.0000       0.0000       0.0000       7.0350 12050027744818292919277434657381038584722620416.0000      23.1283       0.0000
183      28.0927      21.4345    3190.3874      15.4282       7.0534       9.1938      23.0621      17.8413
184      28.0646      21.5426       3.0086       0.1484       7.0595       9.1445      23.0402      17.9266
185      27.9666       0.0000       0.0000       0.0000       7.0808 12050027744818292919277434657381038584722620416.0000      22.9639       0.0000
186      27.9553      16.2398    1247.0922       7.9408       7.0833      12.7229      22.9550      13.7106
187      27.9513      19.4404    1317.6087       8.4314       7.0841      10.2443      22.9519      16.2625
188      27.7956       5.6668    4992.7560      18.2481       7.1184      81.5115      22.8306       5.0489
189      27.7171      26.0520    5359.1332      22.4068       7.1357       7.5275      22.7694      21.4694
190      27.6619       0.0000       0.0000       0.0000       7.1480 12050027744818292919277434657381038584722620416.0000      22.7263       0.0000
191      27.4966       0.0000       0.0000       0.0000       7.1851 12050027744818292919277434657381038584722620416.0000      22.5975       0.0000
192      27.2633      19.9464    3927.9684      17.4419       7.2381       9.9320      22.4155      16.6639
193      27.2517       0.0000       0.0000       0.0000       7.2408 12050027744818292919277434657381038584722620416.0000      22.4065       0.0000
194      27.1331       0.0000       0.0000       0.0000       7.2681 12050027744818292919277434657381038584722620416.0000      22.3139       0.0000
195      27.0898       0.0000       0.0000       0.0000       7.2781 12050027744818292919277434657381038584722620416.0000      22.2802       0.0000
196      26.8697       0.0000       0.0000       0.0000       7.3295 12050027744818292919277434657381038584722620416.0000      22.1084       0.0000
197      26.8222       0.0000       0.0000       0.0000       7.3407 12050027744818292919277434657381038584722620416.0000      22.0713       0.0000
198      26.7772       6.8120      16.7348       0.4092       7.3513      54.1759      22.0361       6.0124
199      26.5394       0.0000       0.0000       0.0000       7.4081 12050027744818292919277434657381038584722620416.0000      21.8504       0.0000
200      26.3134       6.7041    9470.3703      27.8376       7.4630      56.1311      21.6738       5.9220
201      26.3029      13.7735    5939.9624      21.7583       7.4655      15.8594      21.6656      11.7268
202      26.2748       0.0000       0.0000       0.0000       7.4724 12050027744818292919277434657381038584722620416.0000      21.6436       0.0000
203      26.2668       0.0000       0.0000       0.0000       7.4744 12050027744818292919277434657381038584722620416.0000      21.6374       0.0000
204      26.2031       2.0557      36.6557       0.6516       7.4901    1100.2407      21.5876       1.8638
205      26.0868      12.3500      14.9728       0.3974       7.5188      18.6015      21.4967      10.5737
206      25.9902       3.0034       1.5316       0.0791       7.5429     389.9561      21.4212       2.7642
207      25.8931       0.0000       0.0000       0.0000       7.5673 12050027744818292919277434657381038584722620416.0000      21.3452       0.0000
208      25.8568      17.0035      24.5315       0.5728       7.5765      12.0378      21.3168      14.3217
209      25.7354       0.0000       0.0000       0.0000       7.6073 12050027744818292919277434657381038584722620416.0000      21.2218       0.0000
210      25.7020       0.0000       0.0000       0.0000       7.6159 12050027744818292919277434657381038584722620416.0000      21.1956       0.0000
211      25.6670      12.9091      15.7514       0.4116       7.6248      17.4357      21.1683      11.0273
212      25.6113      15.6978       2.1446       0.1114       7.6391      13.2539      21.1247      13.2760
213      25.5006      13.4120       2.5266       0.1219       7.6677      16.4883      21.0381      11.4345
214      25.4916       0.0000       0.0000       0.0000       7.6701 12050027744818292919277434657381038584722620416.0000      21.0310       0.0000
215      25.4302       0.0000       0.0000       0.0000       7.6860 12050027744818292919277434657381038584722620416.0000      20.9829       0.0000
216      25.3629       6.2883    4633.7587      17.0435       7.7036      64.7012      20.9302       5.5729
217      25.2799       0.0000       0.0000       0.0000       7.7254 12050027744818292919277434657381038584722620416.0000      20.8653       0.0000
218      25.2721      14.6272     276.8822       2.8140       7.7275      14.5247      20.8592      12.4154
219      25.2464       0.0000       0.0000       0.0000       7.7343 12050027744818292919277434657381038584722620416.0000      20.8390       0.0000
220      24.9777      22.5254    2533.2443      13.0466       7.8074       8.7188      20.6285      18.7018
221      24.9650       0.0000       0.0000       0.0000       7.8117 12050027744818292919277434657381038584722620416.0000      20.6186       0.0000
222      24.8338       0.0000       0.0000       0.0000       7.8558 12050027744818292919277434657381038584722620416.0000      20.5157       0.0000
223      24.8250      10.6625       6.8054       0.2288       7.8588      23.4548      20.5088       9.1977
224      24.7686       0.0000       0.0000       0.0000       7.8779 12050027744818292919277434657381038584722620416.0000      20.4646       0.0000
225      24.7365       5.3645     784.9186       5.1312       7.8888      92.0598      20.4394       4.7930
226      24.4922       0.0000       0.0000       0.0000       7.9729 12050027744818292919277434657381038584722620416.0000      20.2479       0.0000
227      24.4372       0.0000       0.0000       0.0000       7.9921 12050027744818292919277434657381038584722620416.0000      20.2047       0.0000
228      24.2733       0.0000       0.0000       0.0000       8.0498 12050027744818292919277434657381038584722620416.0000      20.0761       0.0000
229      24.2337      19.5663      24.2359       0.5723       8.0638      10.1649      20.0451      16.3624
230      24.1571      18.6392       2.0761       0.1103       8.0911      10.7770      19.9849      15.6258
231      23.8494       0.0000       0.0000       0.0000       8.2027 12050027744818292919277434657381038584722620416.0000      19.7433       0.0000
232      23.7916       2.6176       3.7719       0.1399       8.2240     576.5315      19.6979       2.4262
233      23.7068       3.7645    1624.4418       8.0829       8.2554     212.0592      19.6312       3.4249
234      23.5646       0.0000       0.0000       0.0000       8.3087 12050027744818292919277434657381038584722620416.0000      19.5195       0.0000
235      23.4922      15.9304     829.6559       5.8253       8.3360      13.0211      19.4626      13.4627
236      23.4897       0.0000       0.0000       0.0000       8.3370 12050027744818292919277434657381038584722620416.0000      19.4607       0.0000
237      23.4117      15.6407      23.6738       0.5423       8.3667      13.3121      19.3993      13.2302
238      23.2201       2.8455    4279.6158      15.1506       8.4404     454.6671      19.2486       2.6261
239      23.1950       0.0000       0.0000       0.0000       8.4502 12050027744818292919277434657381038584722620416.0000      19.2289       0.0000
240      23.0450      20.3040      71.0489       1.1682       8.5090       9.7417      19.1109      16.9472
241      23.0212       2.1592       5.2174       0.1709       8.5184     966.6742      19.0921       0.0000
242      22.9099       2.2717       2.8427       0.1140       8.5626     845.6978      19.0045       0.0000
243      22.8810       0.0000       0.0000       0.0000       8.5742 12050027744818292919277434657381038584722620416.0000      18.9818       0.0000
244      22.7291       7.9900    5135.0301      18.0705       8.6354      39.7243      18.8622       6.9948
245      22.7090      13.9387       1.4645       0.0830       8.6436      15.5855      18.8464      11.8602
246      22.6830       0.0000       0.0000       0.0000       8.6542 12050027744818292919277434657381038584722620416.0000      18.8259       0.0000
247      22.6377       0.0000       0.0000       0.0000       8.6727 12050027744818292919277434657381038584722620416.0000      18.7902       0.0000
248      22.6340       0.0000       0.0000       0.0000       8.6742 12050027744818292919277434657381038584722620416.0000      18.7873       0.0000
249      22.4201      21.9952    7950.1818      27.3465       8.7626       8.9436      18.6188      18.2838
250      22.4182      21.6117       7.5366       0.2631       8.7634       9.1133      18.6173      17.9812
251      22.3700       0.0000       0.0000       0.0000       8.7836 12050027744818292919277434657381038584722620416.0000      18.5793       0.0000
252      22.3481       8.7607    2167.5597      10.2113       8.7928      33.3822      18.5621       7.6335
253      22.1553      15.9578       4.5050       0.1779       8.8745      12.9941      18.4101      13.4846
254      22.1062      17.2208      11.9530       0.3446       8.8956      11.8550      18.3713      14.4953
255      21.9858       0.0000       0.0000       0.0000       8.9477 12050027744818292919277434657381038584722620416.0000      18.2764       0.0000
256      21.9828       0.0000       0.0000       0.0000       8.9490 12050027744818292919277434657381038584722620416.0000      18.2740       0.0000
257      21.9297       6.5138      31.5655       0.5910       8.9721      59.8355      18.2322       5.7623
258      21.9095       0.0000       0.0000       0.0000       8.9810 12050027744818292919277434657381038584722620416.0000      18.2162       0.0000
259      21.8506      18.5740     325.2686       3.1467       9.0068      10.8226      18.1698      15.5739
260      21.7579      14.1609    3585.6853      14.9840       9.0478      15.2291      18.0966      12.0396
261      21.7506       0.0000       0.0000       0.0000       9.0511 12050027744818292919277434657381038584722620416.0000      18.0908       0.0000
262      21.7181      12.2956    2807.1962      12.4989       9.0655      18.7220      18.0652      10.5294
263      21.7138      10.6160       1.5075       0.0812       9.0675      23.6198      18.0618       9.1597
264      21.7107       0.0000       0.0000       0.0000       9.0689 12050027744818292919277434657381038584722620416.0000      18.0594       0.0000
265      21.6534       0.0000       0.0000       0.0000       9.0945 12050027744818292919277434657381038584722620416.0000      18.0141       0.0000
266      21.5564       4.2726     200.2265       1.9612       9.1382     154.6504      17.9376       3.8621
267      21.5476       0.0000       0.0000       0.0000       9.1422 12050027744818292919277434657381038584722620416.0000      17.9306       0.0000
268      21.5082       7.1930    1582.8313       8.0611       9.1601      48.4459      17.8995       6.3310
269      21.4277       6.7289     757.2505       4.8996       9.1969      55.6726      17.8359       5.9428
270      21.4261       0.0000       0.0000       0.0000       9.1976 12050027744818292919277434657381038584722620416.0000      17.8346       0.0000
271      21.4065       0.0000       0.0000       0.0000       9.2066 12050027744818292919277434657381038584722620416.0000      17.8192       0.0000
272      21.2818      19.5718     627.4065       4.8931       9.2642      10.1615      17.7207      16.3668
273      21.2694       0.0000       0.0000       0.0000       9.2700 12050027744818292919277434657381038584722620416.0000      17.7109       0.0000
274      21.2183       0.0000       0.0000       0.0000       9.2939 12050027744818292919277434657381038584722620416.0000      17.6705       0.0000
275      21.2123      17.4737      40.8365       0.7775       9.2967      11.6487      17.6658      14.6972
276      21.1288      12.5759      31.3535       0.6226       9.3359      18.1150      17.5998      10.7571
277      21.1209      18.4233     744.9584       5.4273       9.3397      10.9293      17.5935      15.4540
278      20.9943       0.0000       0.0000       0.0000       9.3999 12050027744818292919277434657381038584722620416.0000      17.4934       0.0000
279      20.9106       0.0000       0.0000       0.0000       9.4401 12050027744818292919277434657381038584722620416.0000      17.4272       0.0000
280      20.8593      16.2744     186.6034       2.1119       9.4649      12.6903      17.3867      13.7383
281      20.8185      10.2720    1677.8310       8.6069       9.4847      24.9031      17.3544       8.8778
282      20.7419       0.0000       0.0000       0.0000       9.5221 12050027744818292919277434657381038584722620416.0000      17.2938       0.0000
283      20.7259       0.0000       0.0000       0.0000       9.5300 12050027744818292919277434657381038584722620416.0000      17.2811       0.0000
284      20.7162      18.9230       6.3273       0.2261       9.5348      10.5826      17.2735      15.8515
285      20.6538      19.1973       4.9633       0.1927       9.5655      10.4007      17.2241      16.0694
286      20.5934       0.0000       0.0000       0.0000       9.5955 12050027744818292919277434657381038584722620416.0000      17.1763       0.0000
287      20.5085       0.0000       0.0000       0.0000       9.6380 12050027744818292919277434657381038584722620416.0000      17.1091       0.0000
288      20.5028       0.0000       0.0000       0.0000       9.6408 12050027744818292919277434657381038584722620416.0000      17.1046       0.0000
289      20.4522       4.0759    3735.9185      13.5610       9.6663     172.4005      17.0645       3.6932
290      20.2487       7.1727     300.2862       2.6214       9.7702      48.7058      16.9034       6.3140
291      20.2093       0.0000       0.0000       0.0000       9.7905 12050027744818292919277434657381038584722620416.0000      16.8721       0.0000
292      20.1600       8.8996    2261.8671      10.2694       9.8161      32.4045      16.8331       7.7483
293      20.1468      10.7891    6599.3450      21.4105       9.8230      23.0143      16.8226       9.3013
294      20.1169       0.0000       0.0000       0.0000       9.8386 12050027744818292919277434657381038584722620416.0000      16.7989       0.0000
295      19.9642       9.5153    1727.9496       8.6232       9.9214      28.5584      16.6780       8.2560
296      19.9523       0.0000       0.0000       0.0000       9.9285 12050027744818292919277434657381038584722620416.0000      16.6686       0.0000
297      19.9346      18.4780      30.7733       0.6423       9.9392      10.8904      16.6545      15.4976
298      19.8242      19.0329    4057.3171      16.7028      10.0059      10.5090      16.5669      15.9389
299      19.7056       0.0000       0.0000       0.0000      10.0784 12050027744818292919277434657381038584722620416.0000      16.4729       0.0000
300      19.6190      18.5035       3.6632       0.1550      10.1320      10.8723      16.4042      15.5179
301      19.6082       0.0000       0.0000       0.0000      10.1388 12050027744818292919277434657381038584722620416.0000      16.3956       0.0000
302      19.5438       0.0000       0.0000       0.0000      10.1790 12050027744818292919277434657381038584722620416.0000      16.3445       0.0000
303      19.4923       0.0000       0.0000       0.0000      10.2114 12050027744818292919277434657381038584722620416.0000      16.3036       0.0000
304      19.4471       2.0589    3204.9958      11.7186      10.2400    1095.7725      16.2678       1.8680
305      19.3872       2.2191       9.6091       0.2440      10.2782     899.4762      16.2202       0.0000
306      19.3729       0.0000       0.0000       0.0000      10.2873 12050027744818292919277434657381038584722620416.0000      16.2089       0.0000
307      19.3079       3.8645      96.7834       1.1650      10.3290     197.5813      16.1573       3.5112
308      19.1489       0.0000       0.0000       0.0000      10.4324 12050027744818292919277434657381038584722620416.0000      16.0310       0.0000
309      19.1461      11.4072    7602.4143      23.4311      10.4343      21.0445      16.0288       9.8062
310      19.0877       0.0000       0.0000       0.0000      10.4727 12050027744818292919277434657381038584722620416.0000      15.9824       0.0000
311      19.0385       0.0000       0.0000       0.0000      10.5053 12050027744818292919277434657381038584722620416.0000      15.9433       0.0000
312      18.9963      10.7117     109.0202       1.3701      10.5335      23.2819      15.9097       9.2380
313      18.9893       1.9054     235.2892       2.0349      10.5381    1279.3178      15.9042       1.6808
314      18.9561       0.0000       0.0000       0.0000      10.5603 12050027744818292919277434657381038584722620416.0000      15.8778       0.0000
315      18.9112       0.0000       0.0000       0.0000      10.5905 12050027744818292919277434657381038584722620416.0000      15.8422       0.0000
316      18.8908       0.0000       0.0000       0.0000      10.6043 12050027744818292919277434657381038584722620416.0000      15.8259       0.0000
317      18.8407       0.0000       0.0000       0.0000      10.6383 12050027744818292919277434657381038584722620416.0000      15.7861       0.0000
318      18.8402       0.0000       0.0000       0.0000      10.6387 12050027744818292919277434657381038584722620416.0000      15.7857       0.0000
319      18.8266       0.0000       0.0000       0.0000      10.6479 12050027744818292919277434657381038584722620416.0000      15.7749       0.0000
320      18.8263       7.3737       1.9162       0.0888      10.6481      46.2276      15.7746       6.4818
321      18.7712       0.0000       0.0000       0.0000      10.6857 12050027744818292919277434657381038584722620416.0000      15.7309       0.0000
322      18.6969      18.4910       2.1758       0.1086      10.7370      10.8811      15.6717      15.5079
323      18.6963       0.0000       0.0000       0.0000      10.7374 12050027744818292919277434657381038584722620416.0000      15.6712       0.0000
324      18.6280      11.1362    1031.2074       6.1320      10.7848      21.8732      15.6169       9.5850
325      18.6189       0.0000       0.0000       0.0000      10.7911 12050027744818292919277434657381038584722620416.0000      15.6097       0.0000
326      18.5893       4.1618       2.6108       0.1041      10.8118     164.3105      15.5862       3.7670
327      18.5871      17.7246      29.3693       0.6111      10.8134      11.4503      15.5844      14.8974
328      18.5582       0.0000       0.0000       0.0000      10.8337 12050027744818292919277434657381038584722620416.0000      15.5614       0.0000
329      18.4958       8.6610    3555.5838      13.5739      10.8777      34.1115      15.5118       7.5510
330      18.4901       0.0000       0.0000       0.0000      10.8817 12050027744818292919277434657381038584722620416.0000      15.5072       0.0000
331      18.4383       7.4446       4.1156       0.1473      10.9185      45.4002      15.4660       6.5409
332      18.3910       0.0000       0.0000       0.0000      10.9524 12050027744818292919277434657381038584722620416.0000      15.4284       0.0000
333      18.3547      14.3818      13.0507       0.3437      10.9785      14.8884      15.3994      12.2177
334      18.3176       0.0000       0.0000       0.0000      11.0053 12050027744818292919277434657381038584722620416.0000      15.3699       0.0000
335      18.2555       0.0000       0.0000       0.0000      11.0504 12050027744818292919277434657381038584722620416.0000      15.3204       0.0000
336      18.1980       0.0000       0.0000       0.0000      11.0925 12050027744818292919277434657381038584722620416.0000      15.2747       0.0000
337      18.1886       5.6601      23.1378       0.4531      11.0994      81.7282      15.2672       5.0432
338      18.1623       4.5572      32.7256       0.5617      11.1187     133.2774      15.2463       4.1058
339      18.1548       5.1819       3.3220       0.1233      11.1243      99.4137      15.2403       4.6381
340      18.1232       0.0000       0.0000       0.0000      11.1476 12050027744818292919277434657381038584722620416.0000      15.2151       0.0000
341      18.0641       0.0000       0.0000       0.0000      11.1916 12050027744818292919277434657381038584722620416.0000      15.1680       0.0000
342      18.0604      13.1202       1.2482       0.0707      11.1944      17.0271      15.1651      11.1984
343      17.9877       0.0000       0.0000       0.0000      11.2489 12050027744818292919277434657381038584722620416.0000      15.1071       0.0000
344      17.9699       0.0000       0.0000       0.0000      11.2623 12050027744818292919277434657381038584722620416.0000      15.0929       0.0000
345      17.9578      17.6489      14.9513       0.3871      11.2715      11.5095      15.0833      14.8370
346      17.9183       0.0000       0.0000       0.0000      11.3014 12050027744818292919277434657381038584722620416.0000      15.0518       0.0000
347      17.8878       0.0000       0.0000       0.0000      11.3246 12050027744818292919277434657381038584722620416.0000      15.0275       0.0000
348      17.8709      13.4661     797.8887       5.2576      11.3375      16.3915      15.0141      11.4783
349      17.8570      16.1918    5636.0527      19.8986      11.3481      12.7683      15.0029      13.6722
350      17.8032      12.2832      41.6103       0.7240      11.3894      18.7496      14.9601      10.5194
351      17.7668      15.6716     813.8545       5.4440      11.4176      13.2806      14.9310      13.2550
352      17.7236       0.0000       0.0000       0.0000      11.4511 12050027744818292919277434657381038584722620416.0000      14.8966       0.0000
353      17.6486       0.0000       0.0000       0.0000      11.5097 12050027744818292919277434657381038584722620416.0000      14.8368       0.0000
354      17.6198       1.9709       2.2522       0.0898      11.5324    1211.2519      14.8138       1.7559
355      17.6022       0.0000       0.0000       0.0000      11.5463 12050027744818292919277434657381038584722620416.0000      14.7997       0.0000
356      17.5993      11.0124    4889.1575      17.0795      11.5486      22.2694      14.7974       9.4839
357      17.5788       0.0000       0.0000       0.0000      11.5648 12050027744818292919277434657381038584722620416.0000      14.7811       0.0000
358      17.5567       8.7517     483.2938       3.5507      11.5823      33.4467      14.7635       7.6261
359      17.5142       0.0000       0.0000       0.0000      11.6162 12050027744818292919277434657381038584722620416.0000      14.7296       0.0000
360      17.4367       9.4000       1.1686       0.0644      11.6784      29.2238      14.6677       8.1610
361      17.4360       0.0000       0.0000       0.0000      11.6790 12050027744818292919277434657381038584722620416.0000      14.6671       0.0000
362      17.4052       0.0000       0.0000       0.0000      11.7039 12050027744818292919277434657381038584722620416.0000      14.6425       0.0000
363      17.3898       0.0000       0.0000       0.0000      11.7164 12050027744818292919277434657381038584722620416.0000      14.6302       0.0000
364      17.3741       0.0000       0.0000       0.0000      11.7291 12050027744818292919277434657381038584722620416.0000      14.6177       0.0000
365      17.3552       0.0000       0.0000       0.0000      11.7445 12050027744818292919277434657381038584722620416.0000      14.6026       0.0000
366      17.3047       8.0071     204.0772       1.9729      11.7858      39.5643      14.5623       7.0090
367      17.3020       0.0000       0.0000       0.0000      11.7881 12050027744818292919277434657381038584722620416.0000      14.5601       0.0000
368      17.2976       4.2393     534.1603       3.5507      11.7917     157.4646      14.5566       3.8335
369      17.2601       9.1459      71.9263       0.9984      11.8225      30.7758      14.5267       7.9516
370      17.1873       0.0000       0.0000       0.0000      11.8828 12050027744818292919277434657381038584722620416.0000      14.4685       0.0000
371      17.0883       0.0000       0.0000       0.0000      11.9659 12050027744818292919277434657381038584722620416.0000      14.3894       0.0000
372      17.0727       0.9299     630.8225       3.7370      11.9790   11190.6324      14.3770       0.0002
373      17.0105       0.0000       0.0000       0.0000      12.0317 12050027744818292919277434657381038584722620416.0000      14.3273       0.0000
374      16.9712       0.0000       0.0000       0.0000      12.0654 12050027744818292919277434657381038584722620416.0000      14.2959       0.0000
375      16.9504       0.0000       0.0000       0.0000      12.0832 12050027744818292919277434657381038584722620416.0000      14.2792       0.0000
376      16.8576      11.5315     159.8245       1.7416      12.1634      20.6813      14.2050       9.9076
377      16.8445       0.0000       0.0000       0.0000      12.1747 12050027744818292919277434657381038584722620416.0000      14.1946       0.0000
378      16.8300       2.6930     455.6074       3.0906      12.1874     531.7913      14.1830       2.4924
379      16.7823      12.1892       1.4073       0.0748      12.2291      18.9614      14.1448      10.4429
380      16.7792       0.0000       0.0000       0.0000      12.2318 12050027744818292919277434657381038584722620416.0000      14.1424       0.0000
381      16.7557       0.0000       0.0000       0.0000      12.2525 12050027744818292919277434657381038584722620416.0000      14.1236       0.0000
382      16.7435       0.0000       0.0000       0.0000      12.2632 12050027744818292919277434657381038584722620416.0000      14.1138       0.0000
383      16.6661       2.8246    3520.6361      12.0734      12.3319     464.3157      14.0519       2.6078
384      16.6504       0.0000       0.0000       0.0000      12.3459 12050027744818292919277434657381038584722620416.0000      14.0393       0.0000
385      16.6504      15.6538     168.2941       1.8819      12.3459      13.2987      14.0393      13.2408
386      16.6348       0.0000       0.0000       0.0000      12.3599 12050027744818292919277434657381038584722620416.0000      14.0268       0.0000
387      16.5210      10.1684    2289.7213      10.0641      12.4625      25.3120      13.9358       8.7928
388      16.5190       8.1189       1.2955       0.0670      12.4643      38.5416      13.9342       7.1018
389      16.4509      10.8826      15.2817       0.3596      12.5264      22.6975      13.8797       9.3778
390      16.4079       5.8235    1195.3355       6.1393      12.5661      76.7235      13.8452       5.1813
391      16.3583       0.0000       0.0000       0.0000      12.6119 12050027744818292919277434657381038584722620416.0000      13.8055       0.0000
392      16.2007      14.2921    3547.1571      14.0861      12.7599      15.0252      13.6793      12.1454
393      16.1039       0.0000       0.0000       0.0000      12.8523 12050027744818292919277434657381038584722620416.0000      13.6017       0.0000
394      16.0671       0.0000       0.0000       0.0000      12.8878 12050027744818292919277434657381038584722620416.0000      13.5722       0.0000
395      16.0471       2.6092     109.9415       1.1799      12.9071     581.8649      13.5562       2.4187
396      16.0192      13.2811    1873.6509       9.0828      12.9342      16.7264      13.5338      11.3286
397      16.0138       6.7712     904.7920       5.1411      12.9395      54.9035      13.5295       5.9782
398      16.0112      10.7187    1110.8079       6.2168      12.9419      23.2575      13.5275       9.2437
399      15.9161       8.6598      46.4797       0.7286      13.0352      34.1208      13.4512       7.5500
400      15.8377       0.0000       0.0000       0.0000      13.1130 12050027744818292919277434657381038584722620416.0000      13.3883       0.0000
401      15.8083       0.0000       0.0000       0.0000      13.1423 12050027744818292919277434657381038584722620416.0000      13.3647       0.0000
402      15.7560       0.0000       0.0000       0.0000      13.1948 12050027744818292919277434657381038584722620416.0000      13.3228       0.0000
403      15.7267       0.0000       0.0000       0.0000      13.2245 12050027744818292919277434657381038584722620416.0000      13.2992       0.0000
404      15.7141       3.8872       7.2547       0.1959      13.2372     194.4782      13.2892       3.5308
405      15.7039       0.0000       0.0000       0.0000      13.2476 12050027744818292919277434657381038584722620416.0000      13.2809       0.0000
406      15.6917       0.0000       0.0000       0.0000      13.2600 12050027744818292919277434657381038584722620416.0000      13.2712       0.0000
407      15.6777       0.0000       0.0000       0.0000      13.2743 12050027744818292919277434657381038584722620416.0000      13.2600       0.0000
408      15.6358       2.8246       9.2694       0.2261      13.3171     464.3111      13.2263       2.6078
409      15.5719       1.0631    7241.7362      18.5229      13.3830    6411.9792      13.1750       0.2188
410      15.5418       5.5727      10.5487       0.2577      13.4142      84.5986      13.1508       4.9693
411      15.4770       0.0000       0.0000       0.0000      13.4819 12050027744818292919277434657381038584722620416.0000      13.0988       0.0000
412      15.3953       0.0000       0.0000       0.0000      13.5682 12050027744818292919277434657381038584722620416.0000      13.0332       0.0000
413      15.3822      14.4494       2.4393       0.1089      13.5820      14.7867      13.0227      12.2721
414      15.3601       0.0000       0.0000       0.0000      13.6057 12050027744818292919277434657381038584722620416.0000      13.0049       0.0000
415      15.3378       6.1652     287.2724       2.3469      13.6294      67.6032      12.9870       5.4694
416      15.3172       0.0000       0.0000       0.0000      13.6516 12050027744818292919277434657381038584722620416.0000      12.9704       0.0000
417      15.3000       5.0414    9339.7838      23.4688      13.6700     105.6697      12.9567       4.5186
418      15.2978       0.0000       0.0000       0.0000      13.6724 12050027744818292919277434657381038584722620416.0000      12.9548       0.0000
419      15.2762       0.0000       0.0000       0.0000      13.6957 12050027744818292919277434657381038584722620416.0000      12.9375       0.0000
420      15.2424       5.6309      31.8060       0.5358      13.7322      82.6716      12.9104       5.0185
421      15.2420       8.3707    4529.6813      15.2253      13.7327      36.3803      12.9100       7.3107
422      15.2418       0.0000       0.0000       0.0000      13.7329 12050027744818292919277434657381038584722620416.0000      12.9099       0.0000
423      15.2106       0.0000       0.0000       0.0000      13.7669 12050027744818292919277434657381038584722620416.0000      12.8848       0.0000
424      15.1569       6.9794    7366.7838      20.6075      13.8256      51.3351      12.8416       6.1525
425      15.0977      13.0530       1.9765       0.0929      13.8910      17.1553      12.7940      11.1440
426      15.0850       0.0000       0.0000       0.0000      13.9050 12050027744818292919277434657381038584722620416.0000      12.7838       0.0000
427      15.0775       4.5594     158.4188       1.5312      13.9133     133.1304      12.7778       4.1077
428      15.0350       1.9176      73.0410       0.8702      13.9607    1266.1971      12.7436       1.6947
429      15.0278      11.8817      32.4483       0.5910      13.9689      19.7111      12.7378      10.1928
430      15.0251       0.0000       0.0000       0.0000      13.9719 12050027744818292919277434657381038584722620416.0000      12.7356       0.0000
431      15.0127       2.2713      10.8922       0.2463      13.9858     846.0315      12.7256       0.0000
432      15.0088       0.0000       0.0000       0.0000      13.9901 12050027744818292919277434657381038584722620416.0000      12.7225       0.0000
433      15.0036      11.8280      53.7177       0.8262      13.9959      19.8551      12.7184      10.1491
434      14.9837       7.6270    1117.3626       5.9025      14.0223      43.3712      12.7023       6.6929
435      14.9689      13.1999     256.8478       2.3833      14.0426      16.8769      12.6904      11.2629
436      14.9124       8.8351       4.7900       0.1583      14.1204      32.8529      12.6449       7.6950
437      14.8898      12.8498      72.5042       1.0203      14.1517      17.5534      12.6268      10.9792
438      14.8853      13.6261      75.5275       1.0582      14.1580      16.1108      12.6232      11.6077
439      14.8052       2.9452     132.8282       1.3164      14.2701     412.2100      12.5587       2.7134
440      14.7950       1.6135     432.6504       2.8179      14.2845    1798.3314      12.5505       0.9396
441      14.7744       0.0000       0.0000       0.0000      14.3136 12050027744818292919277434657381038584722620416.0000      12.5339       0.0000
442      14.7642       7.3409       6.3178       0.1859      14.3280      46.6187      12.5257       6.4545
443      14.7400      14.5479     103.1396       1.3142      14.3624      14.6406      12.5062      12.3515
444      14.7261       0.0000       0.0000       0.0000      14.3822 12050027744818292919277434657381038584722620416.0000      12.4951       0.0000
445      14.6744       4.1556     235.0824       1.9644      14.4564     164.8712      12.4534       3.7617
446      14.6639      13.8223      66.0431       0.9673      14.4716      15.7777      12.4450      11.7662
447      14.6591       9.5245      20.7213       0.4229      14.4785      28.5063      12.4411       8.2636
448      14.6350       0.0000       0.0000       0.0000      14.5134 12050027744818292919277434657381038584722620416.0000      12.4217       0.0000
449      14.6042       5.6489       1.9901       0.0836      14.5581      82.0864      12.3969       5.0338
450      14.5582      14.2014      49.2685       0.7982      14.6254      15.1658      12.3599      12.0722
451      14.5141       0.0000       0.0000       0.0000      14.6904 12050027744818292919277434657381038584722620416.0000      12.3243       0.0000
452      14.4268       0.0000       0.0000       0.0000      14.8205 12050027744818292919277434657381038584722620416.0000      12.2540       0.0000
453      14.4205       6.5568    2396.0841       9.5732      14.8301      58.9680      12.2488       5.7984
454      14.4007       2.8384    3553.4892      11.6613      14.8599     457.9002      12.2329       2.6199
455      14.3753       9.7671      18.8996       0.3975      14.8983      27.1833      12.2124       8.4632
456      14.3626       0.0000       0.0000       0.0000      14.9176 12050027744818292919277434657381038584722620416.0000      12.2022       0.0000
457      14.3573       9.9304      97.5863       1.1899      14.9255      26.3455      12.1980       8.5974
458      14.2859       1.1628      72.8116       0.8419      15.0348    4444.9936      12.1403       0.2188
459      14.2684       0.0000       0.0000       0.0000      15.0617 12050027744818292919277434657381038584722620416.0000      12.1262       0.0000
460      14.2663      12.0820       2.7037       0.1120      15.0650      19.2079      12.1245      10.3558
461      14.2478       0.0000       0.0000       0.0000      15.0936 12050027744818292919277434657381038584722620416.0000      12.1096       0.0000
462      14.2175       8.2904      78.6657       1.0049      15.1406      37.0490      12.0852       7.2441
463      14.1829       6.7113    9185.2999      23.4177      15.1946      55.9967      12.0573       5.9280
464      14.1780       0.0000       0.0000       0.0000      15.2023 12050027744818292919277434657381038584722620416.0000      12.0533       0.0000
465      14.1520      12.5092     427.8375       3.2882      15.2431      18.2564      12.0324      10.7030
466      14.1459       0.0000       0.0000       0.0000      15.2529 12050027744818292919277434657381038584722620416.0000      12.0274       0.0000
467      14.0977       6.9321       7.1000       0.1977      15.3291      52.1150      11.9885       6.1129
468      14.0854       9.6969     137.8607       1.4877      15.3487      27.5566      11.9786       8.4054
469      14.0764       3.9574     122.5275       1.2541      15.3631     185.3169      11.9713       3.5912
470      14.0740       0.0000       0.0000       0.0000      15.3668 12050027744818292919277434657381038584722620416.0000      11.9694       0.0000
471      14.0616       3.9869       3.6913       0.1215      15.3866     181.6424      11.9594       3.6166
472      14.0481       5.2535      58.5514       0.7841      15.4083      96.4311      11.9485       4.6989
473      14.0106       0.0000       0.0000       0.0000      15.4687 12050027744818292919277434657381038584722620416.0000      11.9182       0.0000
474      13.9379      12.3736      71.0675       0.9892      15.5867      18.5496      11.8596      10.5928
475      13.9249       0.0000       0.0000       0.0000      15.6080 12050027744818292919277434657381038584722620416.0000      11.8490       0.0000
476      13.8957      10.2973     120.3106       1.3664      15.6559      24.8048      11.8255       8.8986
477      13.8282       1.5457       2.4015       0.0864      15.7678    2044.5440      11.7710       0.7051
478      13.8073       0.0000       0.0000       0.0000      15.8027 12050027744818292919277434657381038584722620416.0000      11.7541       0.0000
479      13.7576      11.1677      31.0209       0.5591      15.8862      21.7741      11.7140       9.6107
480      13.7544       5.5663      11.5736       0.2661      15.8916      84.8164      11.7114       4.9639
481      13.7469       0.0000       0.0000       0.0000      15.9042 12050027744818292919277434657381038584722620416.0000      11.7053       0.0000
482      13.6883       0.0000       0.0000       0.0000      16.0040 12050027744818292919277434657381038584722620416.0000      11.6579       0.0000
483      13.6805       0.0000       0.0000       0.0000      16.0173 12050027744818292919277434657381038584722620416.0000      11.6516       0.0000
484      13.6757      12.0802     108.9067       1.3056      16.0255      19.2120      11.6478      10.3543
485      13.6373       0.0000       0.0000       0.0000      16.0915 12050027744818292919277434657381038584722620416.0000      11.6167       0.0000
486      13.6303       1.3892      12.2169       0.2537      16.1035    2636.5609      11.6111       0.3495
487      13.6244       4.9843    4508.4335      14.0194      16.1138     108.4010      11.6063       4.4701
488      13.6120       4.4659    8794.9317      21.6776      16.1352     139.6446      11.5963       4.0277
489      13.6076       0.0000       0.0000       0.0000      16.1429 12050027744818292919277434657381038584722620416.0000      11.5927       0.0000
490      13.5805       8.5264      51.7091       0.7551      16.1900      35.1361      11.5708       7.4396
491      13.5695       0.0000       0.0000       0.0000      16.2093 12050027744818292919277434657381038584722620416.0000      11.5619       0.0000
492      13.5314       0.0000       0.0000       0.0000      16.2759 12050027744818292919277434657381038584722620416.0000      11.5312       0.0000
493      13.5173       6.6721    4425.2638      14.2279      16.3007      56.7301      11.5198       5.8951
494      13.5120      13.1038     866.8164       5.2618      16.3102      17.0582      11.5154      11.1851
495      13.5051       0.0000       0.0000       0.0000      16.3224 12050027744818292919277434657381038584722620416.0000      11.5098       0.0000
496      13.5042       0.0000       0.0000       0.0000      16.3238 12050027744818292919277434657381038584722620416.0000      11.5092       0.0000
497      13.4889       0.0000       0.0000       0.0000      16.3510 12050027744818292919277434657381038584722620416.0000      11.4968       0.0000
498      13.4793       9.6064    1392.5277       6.8832      16.3680      28.0489      11.4890       8.3310
499      13.4750       7.4333     787.3470       4.5536      16.3757      45.5301      11.4855       6.5315
500      13.4686       0.0000       0.0000       0.0000      16.3870 12050027744818292919277434657381038584722620416.0000      11.4804       0.0000
501      13.4309       1.8679     147.6026       1.3441      16.4543    1321.2153      11.4498       1.6380
502      13.4103       0.0000       0.0000       0.0000      16.4913 12050027744818292919277434657381038584722620416.0000      11.4332       0.0000
503      13.3982       0.0000       0.0000       0.0000      16.5130 12050027744818292919277434657381038584722620416.0000      11.4234       0.0000
504      13.3848       0.0000       0.0000       0.0000      16.5372 12050027744818292919277434657381038584722620416.0000      11.4126       0.0000
505      13.3757       1.4299    8109.2696      19.2133      16.5536    2478.2613      11.4052       0.4191
506      13.3750       4.5212      14.4493       0.3008      16.5550     135.7398      11.4046       4.0750
507      13.3535       9.7272     131.6424       1.4283      16.5939      27.3946      11.3872       8.4304
508      13.3509       0.0000       0.0000       0.0000      16.5986 12050027744818292919277434657381038584722620416.0000      11.3851       0.0000
509      13.3495       0.0000       0.0000       0.0000      16.6011 12050027744818292919277434657381038584722620416.0000      11.3840       0.0000
510      13.3268      11.4216       7.3045       0.2127      16.6425      21.0020      11.3656       9.8179
511      13.3182       0.0000       0.0000       0.0000      16.6582 12050027744818292919277434657381038584722620416.0000      11.3587       0.0000
512      13.3084       9.3616       8.0982       0.2212      16.6762      29.4505      11.3507       8.1294
513      13.2740       0.0000       0.0000       0.0000      16.7395 12050027744818292919277434657381038584722620416.0000      11.3229       0.0000
514      13.2593       0.0000       0.0000       0.0000      16.7665 12050027744818292919277434657381038584722620416.0000      11.3110       0.0000
515      13.2507       0.0000       0.0000       0.0000      16.7825 12050027744818292919277434657381038584722620416.0000      11.3040       0.0000
516      13.2294       0.0000       0.0000       0.0000      16.8221 12050027744818292919277434657381038584722620416.0000      11.2867       0.0000
517      13.1961       0.0000       0.0000       0.0000      16.8840 12050027744818292919277434657381038584722620416.0000      11.2598       0.0000
518      13.1650       0.0000       0.0000       0.0000      16.9424 12050027744818292919277434657381038584722620416.0000      11.2346       0.0000
519      13.1443       0.0000       0.0000       0.0000      16.9814 12050027744818292919277434657381038584722620416.0000      11.2179       0.0000
520      13.1319       5.9135    4355.6589      13.8072      17.0048      74.1578      11.2079       5.2572
521      13.1069      11.0216     622.0999       4.0821      17.0523      22.2397      11.1876       9.4913
522      13.1063       0.0000       0.0000       0.0000      17.0534 12050027744818292919277434657381038584722620416.0000      11.1871       0.0000
523      13.0875       0.0000       0.0000       0.0000      17.0894 12050027744818292919277434657381038584722620416.0000      11.1718       0.0000
524      13.0668       0.0000       0.0000       0.0000      17.1289 12050027744818292919277434657381038584722620416.0000      11.1551       0.0000
525      13.0331       6.3400       2.6397       0.0994      17.1936      63.5367      11.1278       5.6164
526      13.0064       0.0000       0.0000       0.0000      17.2453 12050027744818292919277434657381038584722620416.0000      11.1062       0.0000
527      12.9964       0.0000       0.0000       0.0000      17.2646 12050027744818292919277434657381038584722620416.0000      11.0981       0.0000
528      12.9959       1.7033      86.4710       0.9286      17.2657    1534.0216      11.0977       1.3487
529      12.9554       0.0000       0.0000       0.0000      17.3446 12050027744818292919277434657381038584722620416.0000      11.0649       0.0000
530      12.9454       0.0000       0.0000       0.0000      17.3641 12050027744818292919277434657381038584722620416.0000      11.0568       0.0000
531      12.9369       0.0000       0.0000       0.0000      17.3809 12050027744818292919277434657381038584722620416.0000      11.0499       0.0000
532      12.9121      11.2262       8.4779       0.2329      17.4297      21.5920      11.0298       9.6585
533      12.9044       0.0000       0.0000       0.0000      17.4449 12050027744818292919277434657381038584722620416.0000      11.0235       0.0000
534      12.8996       0.0000       0.0000       0.0000      17.4544 12050027744818292919277434657381038584722620416.0000      11.0196       0.0000
535      12.8933       0.0000       0.0000       0.0000      17.4669 12050027744818292919277434657381038584722620416.0000      11.0145       0.0000
536      12.8684       5.3512      13.0216       0.2823      17.5163      92.5693      10.9943       4.7817
537      12.8650       3.7087     132.6515       1.2855      17.5230     220.7626      10.9916       3.3768
538      12.8510       4.3299       4.0026       0.1261      17.5510     149.9726      10.9802       3.9112
539      12.8472       0.0000       0.0000       0.0000      17.5585 12050027744818292919277434657381038584722620416.0000      10.9772       0.0000
540      12.8450       0.0000       0.0000       0.0000      17.5629 12050027744818292919277434657381038584722620416.0000      10.9754       0.0000
541      12.8036       0.0000       0.0000       0.0000      17.6460 12050027744818292919277434657381038584722620416.0000      10.9418       0.0000
542      12.7773       3.1738     752.6834       4.0378      17.6992     336.0282      10.9205       2.9128
543      12.7756       0.0000       0.0000       0.0000      17.7025 12050027744818292919277434657381038584722620416.0000      10.9191       0.0000
544      12.7217       1.3521     226.0756       1.7369      17.8124    2794.6604      10.8754       0.2987
545      12.7038       0.0000       0.0000       0.0000      17.8491 12050027744818292919277434657381038584722620416.0000      10.8609       0.0000
546      12.6999       4.3787     109.8216       1.1448      17.8571     146.1405      10.8577       3.9531
547      12.6991       0.8039      71.9997       0.7989      17.8588   20669.4296      10.8570       0.0000
548      12.6735       0.0000       0.0000       0.0000      17.9114 12050027744818292919277434657381038584722620416.0000      10.8363       0.0000
549      12.6428       2.3824      92.0983       0.9755      17.9752     746.0786      10.8113       0.0000
550      12.6048       2.7458     618.8914       3.4988      18.0544     503.2281      10.7805       2.5387
551      12.5833       5.0021      61.5363       0.7857      18.0994     107.5195      10.7631       4.4852
552      12.5788      11.3090     913.5068       5.2562      18.1089      21.3388      10.7595       9.7261
553      12.5752       0.0000       0.0000       0.0000      18.1166 12050027744818292919277434657381038584722620416.0000      10.7565       0.0000
554      12.5545       2.2503       4.0997       0.1219      18.1602     867.0464      10.7397       0.0000
555      12.5512       0.0000       0.0000       0.0000      18.1672 12050027744818292919277434657381038584722620416.0000      10.7370       0.0000
556      12.5453       0.0000       0.0000       0.0000      18.1797 12050027744818292919277434657381038584722620416.0000      10.7322       0.0000
557      12.5198       3.0688       1.8612       0.0733      18.2339     367.9466      10.7115       2.8213
558      12.5109       0.0000       0.0000       0.0000      18.2528 12050027744818292919277434657381038584722620416.0000      10.7043       0.0000
559      12.4734       0.0000       0.0000       0.0000      18.3332 12050027744818292919277434657381038584722620416.0000      10.6738       0.0000
560      12.4089       1.2925     508.2419       2.9542      18.4725    3078.4223      10.6215       0.2301
561      12.4021       0.7840       1.8200       0.0683      18.4875   22971.3621      10.6159       0.0000
562      12.3816       3.4764      25.8918       0.4262      18.5322     262.8569      10.5993       3.1757
563      12.3548       5.8441      68.3157       0.8521      18.5909      76.1246      10.5776       5.1987
564      12.3519       4.4894    3646.6003      11.7722      18.5974     137.9631      10.5752       4.0478
565      12.3410       5.8671       3.8226       0.1247      18.6214      75.4639      10.5663       5.2181
566      12.2616       8.3349      17.7514       0.3616      18.7980      36.6765      10.5018       7.2810
567      12.2508       0.0000       0.0000       0.0000      18.8222 12050027744818292919277434657381038584722620416.0000      10.4930       0.0000
568      12.2405       0.0000       0.0000       0.0000      18.8454 12050027744818292919277434657381038584722620416.0000      10.4846       0.0000
569      12.2177       0.0000       0.0000       0.0000      18.8968 12050027744818292919277434657381038584722620416.0000      10.4661       0.0000
570      12.2046       0.0000       0.0000       0.0000      18.9265 12050027744818292919277434657381038584722620416.0000      10.4555       0.0000
571      12.1805       9.4529    2914.8542      11.0220      18.9811      28.9155      10.4359       8.2046
572      12.1390       4.0810    2755.7730       9.6453      19.0762     171.9053      10.4021       3.6976
573      12.1177       3.9856    3335.5457      10.9284      19.1253     181.7980      10.3848       3.6155
574      12.0590       6.7136       1.4072       0.0647      19.2614      55.9539      10.3371       5.9300
575      11.9936       1.6175      16.7242       0.3027      19.4167    1785.3117      10.2839       0.9550
576      11.9648       2.5118       2.8010       0.0939      19.4916     648.3437      10.2605       2.3330
577      11.9413       0.0000       0.0000       0.0000      19.5534 12050027744818292919277434657381038584722620416.0000      10.2413       0.0000
578      11.9303       8.7879       1.3905       0.0663      19.5823      33.1872      10.2324       7.6560
579      11.8638       0.0000       0.0000       0.0000      19.7589 12050027744818292919277434657381038584722620416.0000      10.1783       0.0000
580      11.8496       0.0000       0.0000       0.0000      19.7969 12050027744818292919277434657381038584722620416.0000      10.1667       0.0000
581      11.8495       0.0000       0.0000       0.0000      19.7972 12050027744818292919277434657381038584722620416.0000      10.1666       0.0000
582      11.8087       0.0000       0.0000       0.0000      19.9071 12050027744818292919277434657381038584722620416.0000      10.1334       0.0000
583      11.7881       0.0000       0.0000       0.0000      19.9631 12050027744818292919277434657381038584722620416.0000      10.1166       0.0000
584      11.7801       0.0000       0.0000       0.0000      19.9850 12050027744818292919277434657381038584722620416.0000      10.1101       0.0000
585      11.7567       8.7950      39.6339       0.6173      20.0490      33.1364      10.0910       7.6619
586      11.6959       8.2495     983.3904       5.1988      20.2166      37.3964      10.0415       7.2102
587      11.6951       0.0000       0.0000       0.0000      20.2187 12050027744818292919277434657381038584722620416.0000      10.0409       0.0000
588      11.6822       0.0000       0.0000       0.0000      20.2545 12050027744818292919277434657381038584722620416.0000      10.0304       0.0000
589      11.6653      10.6737    1132.3538       5.9313      20.3017      23.4151      10.0166       9.2069
590      11.6628       0.0000       0.0000       0.0000      20.3087 12050027744818292919277434657381038584722620416.0000      10.0146       0.0000
591      11.6520       0.0000       0.0000       0.0000      20.3389 12050027744818292919277434657381038584722620416.0000      10.0058       0.0000
592      11.6196       0.0000       0.0000       0.0000      20.4302 12050027744818292919277434657381038584722620416.0000       9.9793       0.0000
593      11.6056       0.0000       0.0000       0.0000      20.4696 12050027744818292919277434657381038584722620416.0000       9.9680       0.0000
594      11.5997       0.0000       0.0000       0.0000      20.4863 12050027744818292919277434657381038584722620416.0000       9.9632       0.0000
595      11.5913       0.0000       0.0000       0.0000      20.5103 12050027744818292919277434657381038584722620416.0000       9.9563       0.0000
596      11.5747       5.8491    3496.7790      11.5780      20.5575      75.9805       9.9428       5.2029
597      11.5547       0.0000       0.0000       0.0000      20.6148 12050027744818292919277434657381038584722620416.0000       9.9265       0.0000
598      11.5199       0.0000       0.0000       0.0000      20.7149 12050027744818292919277434657381038584722620416.0000       9.8981       0.0000
599      11.5114       0.0000       0.0000       0.0000      20.7393 12050027744818292919277434657381038584722620416.0000       9.8912       0.0000
600      11.5106       0.0000       0.0000       0.0000      20.7417 12050027744818292919277434657381038584722620416.0000       9.8905       0.0000
601      11.4848       0.0000       0.0000       0.0000      20.8166 12050027744818292919277434657381038584722620416.0000       9.8695       0.0000
602      11.4842       0.0000       0.0000       0.0000      20.8183 12050027744818292919277434657381038584722620416.0000       9.8690       0.0000
603      11.4784       2.7400       5.3237       0.1432      20.8351     506.2542       9.8643       2.5337
604      11.4438       0.0000       0.0000       0.0000      20.9365 12050027744818292919277434657381038584722620416.0000       9.8361       0.0000
605      11.4281       1.5854      58.6294       0.6881      20.9826    1895.4202       9.8233       0.8353
606      11.4150       0.0000       0.0000       0.0000      21.0215 12050027744818292919277434657381038584722620416.0000       9.8125       0.0000
607      11.4137       7.0672     234.7813       1.9505      21.0252      50.0884       9.8115       6.2259
608      11.4097       3.2054      43.4917       0.5862      21.0372     327.1713       9.8082       2.9403
609      11.3971       2.7500     293.0793       2.0686      21.0745     501.0469       9.7979       2.5424
610      11.3906       0.0000       0.0000       0.0000      21.0939 12050027744818292919277434657381038584722620416.0000       9.7926       0.0000
611      11.3809       0.0000       0.0000       0.0000      21.1227 12050027744818292919277434657381038584722620416.0000       9.7847       0.0000
612      11.3737       0.0000       0.0000       0.0000      21.1441 12050027744818292919277434657381038584722620416.0000       9.7789       0.0000
613      11.3648       0.0000       0.0000       0.0000      21.1706 12050027744818292919277434657381038584722620416.0000       9.7716       0.0000
614      11.3612       7.6142     380.3875       2.7145      21.1816      43.5084       9.7686       6.6823
615      11.3610       0.0000       0.0000       0.0000      21.1822 12050027744818292919277434657381038584722620416.0000       9.7685       0.0000
616      11.3313       7.8919     740.1740       4.2492      21.2713      40.6618       9.7443       6.9133
617      11.3226       3.3474    9328.7567      21.0296      21.2976     291.0715       9.7372       3.0638
618      11.3225       0.0000       0.0000       0.0000      21.2981 12050027744818292919277434657381038584722620416.0000       9.7371       0.0000
619      11.3035       0.0000       0.0000       0.0000      21.3554 12050027744818292919277434657381038584722620416.0000       9.7216       0.0000
620      11.2998       0.0000       0.0000       0.0000      21.3668 12050027744818292919277434657381038584722620416.0000       9.7185       0.0000
621      11.2820       0.0000       0.0000       0.0000      21.4209 12050027744818292919277434657381038584722620416.0000       9.7040       0.0000
622      11.2697       0.0000       0.0000       0.0000      21.4585 12050027744818292919277434657381038584722620416.0000       9.6940       0.0000
623      11.2613      10.6193      18.0230       0.3727      21.4840      23.6082       9.6872       9.1623
624      11.2299       1.1210      57.6878       0.6690      21.5807    5162.4289       9.6615       0.2188
625      11.2287       7.9524      76.4532       0.9347      21.5843      40.0794       9.6606       6.9636
626      11.2202       0.0000       0.0000       0.0000      21.6107 12050027744818292919277434657381038584722620416.0000       9.6536       0.0000
627      11.2122       0.0000       0.0000       0.0000      21.6354 12050027744818292919277434657381038584722620416.0000       9.6471       0.0000
628      11.2121       0.0000       0.0000       0.0000      21.6357 12050027744818292919277434657381038584722620416.0000       9.6470       0.0000
629      11.1938      10.3312     127.9747       1.3694      21.6926      24.6744       9.6320       8.9263
630      11.1911       0.0000       0.0000       0.0000      21.7011 12050027744818292919277434657381038584722620416.0000       9.6298       0.0000
631      11.1740       0.0000       0.0000       0.0000      21.7545 12050027744818292919277434657381038584722620416.0000       9.6158       0.0000
632      11.1725       0.0000       0.0000       0.0000      21.7592 12050027744818292919277434657381038584722620416.0000       9.6146       0.0000
633      11.1621       0.0000       0.0000       0.0000      21.7916 12050027744818292919277434657381038584722620416.0000       9.6062       0.0000
634      11.1532       8.4171       8.5593       0.2186      21.8196      36.0024       9.5989       7.3491
635      11.1467       2.9749    6837.4188      16.8796      21.8400     400.6414       9.5936       2.7393
636      11.1454       0.0000       0.0000       0.0000      21.8441 12050027744818292919277434657381038584722620416.0000       9.5925       0.0000
637      11.1450       0.0000       0.0000       0.0000      21.8455 12050027744818292919277434657381038584722620416.0000       9.5922       0.0000
638      11.1439       0.0000       0.0000       0.0000      21.8487 12050027744818292919277434657381038584722620416.0000       9.5913       0.0000
639      11.1387       0.0000       0.0000       0.0000      21.8653 12050027744818292919277434657381038584722620416.0000       9.5870       0.0000
640      11.1313       0.0000       0.0000       0.0000      21.8885 12050027744818292919277434657381038584722620416.0000       9.5810       0.0000
641      11.1048       8.4968       7.3550       0.1977      21.9726      35.3678       9.5593       7.4151
642      11.0956       7.5385     627.2264       3.7658      22.0019      44.3381       9.5518       6.6192
643      11.0897       0.0000       0.0000       0.0000      22.0207 12050027744818292919277434657381038584722620416.0000       9.5470       0.0000
644      11.0807       0.0000       0.0000       0.0000      22.0493 12050027744818292919277434657381038584722620416.0000       9.5397       0.0000
645      11.0751       7.4590      38.2287       0.5822      22.0672      45.2342       9.5351       6.5530
646      11.0665       0.0000       0.0000       0.0000      22.0948 12050027744818292919277434657381038584722620416.0000       9.5281       0.0000
647      11.0327       0.0000       0.0000       0.0000      22.2036 12050027744818292919277434657381038584722620416.0000       9.5004       0.0000
648      11.0284       0.0000       0.0000       0.0000      22.2174 12050027744818292919277434657381038584722620416.0000       9.4970       0.0000
649      11.0048       0.0000       0.0000       0.0000      22.2940 12050027744818292919277434657381038584722620416.0000       9.4777       0.0000
650      11.0018       4.5786     517.8736       3.1224      22.3037     131.8435       9.4752       4.1241
651      10.9994       0.0000       0.0000       0.0000      22.3116 12050027744818292919277434657381038584722620416.0000       9.4733       0.0000
652      10.9992       6.7722     431.1892       2.8873      22.3124      54.8860       9.4731       5.9790
653      10.9967       2.5019      16.0275       0.2934      22.3206     655.6917       9.4710       2.3243
654      10.9810       0.0000       0.0000       0.0000      22.3718 12050027744818292919277434657381038584722620416.0000       9.4582       0.0000
655      10.9578       1.4109       6.4135       0.1548      22.4479    2550.2756       9.4392       0.3834
656      10.9255      10.8615       5.6062       0.1709      22.5544      22.7683       9.4129       9.3605
657      10.9031       4.7055     524.4596       3.1507      22.6289     123.7939       9.3946       4.2324
658      10.8850       7.7563     387.1764       2.7305      22.6893      42.0154       9.3798       6.8005
659      10.8782       0.0000       0.0000       0.0000      22.7121 12050027744818292919277434657381038584722620416.0000       9.3742       0.0000
660      10.8774       0.0000       0.0000       0.0000      22.7150 12050027744818292919277434657381038584722620416.0000       9.3735       0.0000
661      10.8755       5.6219       1.8114       0.0733      22.7212      82.9656       9.3720       5.0109
662      10.8616       0.0000       0.0000       0.0000      22.7680 12050027744818292919277434657381038584722620416.0000       9.3606       0.0000
663      10.8611       0.0000       0.0000       0.0000      22.7697 12050027744818292919277434657381038584722620416.0000       9.3602       0.0000
664      10.8420       4.5305     552.1266       3.2440      22.8342     135.0944       9.3446       4.0830
665      10.8345       5.7910    1398.9787       6.1888      22.8594      77.6827       9.3385       5.1539
666      10.8300       2.9608      12.2761       0.2474      22.8748     406.0789       9.3348       2.7270
667      10.8253       0.0000       0.0000       0.0000      22.8907 12050027744818292919277434657381038584722620416.0000       9.3309       0.0000
668      10.8128       4.4733    1001.4660       4.8157      22.9334     139.1129       9.3207       4.0340
669      10.8047       7.2135     403.8524       2.7767      22.9610      48.1867       9.3140       6.3481
670      10.8030      10.4211       6.0734       0.1787      22.9668      24.3335       9.3126       9.0000
671      10.7991       1.9387      47.5023       0.5938      22.9800    1243.9385       9.3095       1.7189
672      10.7953       0.0000       0.0000       0.0000      22.9931 12050027744818292919277434657381038584722620416.0000       9.3064       0.0000
673      10.7935       0.0000       0.0000       0.0000      22.9990 12050027744818292919277434657381038584722620416.0000       9.3049       0.0000
674      10.7879       8.1298       2.7137       0.1005      23.0182      38.4432       9.3004       7.1109
675      10.7865       0.0000       0.0000       0.0000      23.0231 12050027744818292919277434657381038584722620416.0000       9.2992       0.0000
676      10.7834       0.0000       0.0000       0.0000      23.0339 12050027744818292919277434657381038584722620416.0000       9.2966       0.0000
677      10.7782       5.9904       1.3929       0.0619      23.0516      72.0596       9.2924       5.3221
678      10.7486       4.2419      31.1374       0.4731      23.1535     157.2377       9.2682       3.8358
679      10.7269       3.2649      35.3831       0.5035      23.2289     311.3514       9.2504       2.9921
680      10.7149       7.5054     348.4154       2.5257      23.2709      44.7075       9.2406       6.5916
681      10.6764       8.0210       1.0174       0.0520      23.4056      39.4343       9.2091       7.0206
682      10.6542       0.0000       0.0000       0.0000      23.4840 12050027744818292919277434657381038584722620416.0000       9.1909       0.0000
683      10.6520       2.3394      32.1292       0.4606      23.4920     782.6650       9.1891       0.0000
684      10.6503       7.5287     201.9646       1.7546      23.4979      44.4465       9.1877       6.6111
685      10.6366       0.0000       0.0000       0.0000      23.5465 12050027744818292919277434657381038584722620416.0000       9.1765       0.0000
686      10.6133       7.8784     201.2002       1.7602      23.6296      40.7941       9.1574       6.9020
687      10.6063       0.0000       0.0000       0.0000      23.6547 12050027744818292919277434657381038584722620416.0000       9.1517       0.0000
688      10.6048       5.6771       3.2795       0.1085      23.6601      81.1835       9.1504       5.0577
689      10.5828       0.0000       0.0000       0.0000      23.7392 12050027744818292919277434657381038584722620416.0000       9.1324       0.0000
690      10.5661       0.0000       0.0000       0.0000      23.7992 12050027744818292919277434657381038584722620416.0000       9.1188       0.0000
691      10.5546       0.0000       0.0000       0.0000      23.8411 12050027744818292919277434657381038584722620416.0000       9.1093       0.0000
692      10.5429       7.3307       2.9689       0.1047      23.8833      46.7415       9.0998       6.4460
693      10.5254       3.6468      25.8327       0.4100      23.9471     231.0222       9.0855       3.3232
694      10.5214       4.1739     572.0415       3.2720      23.9619     163.2149       9.0822       3.7774
695      10.5127       9.8345    8741.2246      22.4572      23.9938      26.8329       9.0750       8.5186
696      10.5057       0.0000       0.0000       0.0000      24.0195 12050027744818292919277434657381038584722620416.0000       9.0693       0.0000
697      10.5052       0.0000       0.0000       0.0000      24.0214 12050027744818292919277434657381038584722620416.0000       9.0689       0.0000
698      10.4964       0.0000       0.0000       0.0000      24.0537 12050027744818292919277434657381038584722620416.0000       9.0617       0.0000
699      10.4942       2.3707       5.2132       0.1366      24.0619     755.8102       9.0599       0.0000
700      10.4935       0.0000       0.0000       0.0000      24.0644 12050027744818292919277434657381038584722620416.0000       9.0593       0.0000
701      10.4842       0.0000       0.0000       0.0000      24.0985 12050027744818292919277434657381038584722620416.0000       9.0517       0.0000
702      10.4412       0.0000       0.0000       0.0000      24.2582 12050027744818292919277434657381038584722620416.0000       9.0165       0.0000
703      10.4366       6.9521    1226.9551       5.7559      24.2753      51.7826       9.0127       6.1297
704      10.4126       7.0628      10.9267       0.2477      24.3652      50.1467       8.9931       6.2222
705      10.3984       0.0000       0.0000       0.0000      24.4187 12050027744818292919277434657381038584722620416.0000       8.9814       0.0000
706      10.3666       0.0000       0.0000       0.0000      24.5391 12050027744818292919277434657381038584722620416.0000       8.9554       0.0000
707      10.3627       0.0000       0.0000       0.0000      24.5539 12050027744818292919277434657381038584722620416.0000       8.9522       0.0000
708      10.3495       5.3424    2997.3255      10.0891      24.6043      92.9064       8.9413       4.7743
709      10.3420       0.0000       0.0000       0.0000      24.6328 12050027744818292919277434657381038584722620416.0000       8.9352       0.0000
710      10.3410       0.0000       0.0000       0.0000      24.6369 12050027744818292919277434657381038584722620416.0000       8.9343       0.0000
711      10.3352       9.8849      92.3768       1.0792      24.6589      26.5746       8.9296       8.5600
712      10.3315       7.8516     809.4477       4.4275      24.6731      41.0569       8.9266       6.8798
713      10.2911       1.9256       1.4264       0.0566      24.8290    1257.7162       8.8934       1.7039
714      10.2906       0.0000       0.0000       0.0000      24.8310 12050027744818292919277434657381038584722620416.0000       8.8930       0.0000
715      10.2777       0.0000       0.0000       0.0000      24.8808 12050027744818292919277434657381038584722620416.0000       8.8825       0.0000
716      10.2643       0.0000       0.0000       0.0000      24.9330 12050027744818292919277434657381038584722620416.0000       8.8715       0.0000
717      10.2637       0.0000       0.0000       0.0000      24.9354 12050027744818292919277434657381038584722620416.0000       8.8710       0.0000
718      10.2239       0.0000       0.0000       0.0000      25.0916 12050027744818292919277434657381038584722620416.0000       8.8383       0.0000
719      10.2144       0.0000       0.0000       0.0000      25.1293 12050027744818292919277434657381038584722620416.0000       8.8305       0.0000
720      10.2125       5.4761       6.5271       0.1695      25.1367      87.9476       8.8290       4.8875
721      10.2068       0.0000       0.0000       0.0000      25.1593 12050027744818292919277434657381038584722620416.0000       8.8243       0.0000
722      10.1935       1.4426      59.6037       0.6703      25.2120    2431.6367       8.8134       0.4447
723      10.1722       0.0000       0.0000       0.0000      25.2966 12050027744818292919277434657381038584722620416.0000       8.7959       0.0000
724      10.1670       4.0121     169.4133       1.4365      25.3174     178.7910       8.7917       3.6383
725      10.1404       4.2550     387.5039       2.5065      25.4242     156.1283       8.7698       3.8470
726      10.1250       5.3982     777.8114       4.0899      25.4864      90.7903       8.7572       4.8215
727      10.1162       3.4946      29.2383       0.4393      25.5220     259.1664       8.7500       3.1915
728      10.1125       6.4450    1361.0105       6.0680      25.5370      61.2619       8.7469       5.7046
729      10.1081       2.4127     434.6507       2.5829      25.5549     721.6327       8.7433       0.0000
730      10.1045       6.4731    2073.2608       8.0368      25.5697      60.6736       8.7403       5.7282
731      10.1037       4.2876    4696.0090      13.2228      25.5727     153.4034       8.7397       3.8750
732      10.0987       2.4879      36.0058       0.4917      25.5931     665.5857       8.7356       2.3119
733      10.0933       5.9706      24.5676       0.4134      25.6151      72.5912       8.7312       5.3054
734      10.0899       0.0000       0.0000       0.0000      25.6291 12050027744818292919277434657381038584722620416.0000       8.7284       0.0000
735      10.0857       0.0000       0.0000       0.0000      25.6461 12050027744818292919277434657381038584722620416.0000       8.7249       0.0000
736      10.0718       0.0000       0.0000       0.0000      25.7030 12050027744818292919277434657381038584722620416.0000       8.7135       0.0000
737      10.0706       4.2459       4.7209       0.1325      25.7078     156.8986       8.7125       3.8392
738      10.0702       0.0000       0.0000       0.0000      25.7096 12050027744818292919277434657381038584722620416.0000       8.7122       0.0000
739      10.0584       3.9103     439.7572       2.6998      25.7581     191.3926       8.7025       3.5507
740      10.0180       2.3404     107.5537       1.0136      25.9252     781.7981       8.6693       0.0000
741      10.0179       0.0000       0.0000       0.0000      25.9256 12050027744818292919277434657381038584722620416.0000       8.6692       0.0000
742      10.0079       0.0000       0.0000       0.0000      25.9669 12050027744818292919277434657381038584722620416.0000       8.6611       0.0000
743       9.9884       0.0000       0.0000       0.0000      26.0570 12050027744818292919277434657381038584722620416.0000       8.6451       0.0000
744       9.9824       0.0000       0.0000       0.0000      26.0868 12050027744818292919277434657381038584722620416.0000       8.6401       0.0000
745       9.9610       0.0000       0.0000       0.0000      26.1926 12050027744818292919277434657381038584722620416.0000       8.6225       0.0000
746       9.9597       0.0000       0.0000       0.0000      26.1989 12050027744818292919277434657381038584722620416.0000       8.6215       0.0000
747       9.9563       4.4894     173.9517       1.4712      26.2162     137.9656       8.6186       4.0478
748       9.9481       0.0000       0.0000       0.0000      26.2570 12050027744818292919277434657381038584722620416.0000       8.6119       0.0000
749       9.9375       0.0000       0.0000       0.0000      26.3099 12050027744818292919277434657381038584722620416.0000       8.6032       0.0000
750       9.9339       0.0000       0.0000       0.0000      26.3279 12050027744818292919277434657381038584722620416.0000       8.6002       0.0000
751       9.9181       6.9694       6.0350       0.1649      26.4068      51.4979       8.5873       6.1441
752       9.9179       2.0044       2.4929       0.0814      26.4078    1176.0317       8.5872       1.7954
753       9.9007       0.0000       0.0000       0.0000      26.4948 12050027744818292919277434657381038584722620416.0000       8.5730       0.0000
754       9.8948       7.4606    5665.4650      15.9505      26.5246      45.2157       8.5682       6.5543
755       9.8947       0.0000       0.0000       0.0000      26.5253 12050027744818292919277434657381038584722620416.0000       8.5680       0.0000
756       9.8880       0.0000       0.0000       0.0000      26.5590 12050027744818292919277434657381038584722620416.0000       8.5626       0.0000
757       9.8872       4.3930    2042.3330       7.5707      26.5631     145.0456       8.5619       3.9653
758       9.8839       3.5349     398.3731       2.4940      26.5797     251.2817       8.5592       3.2264
759       9.8756       8.3677    6631.5839      18.0130      26.6222      36.4050       8.5524       7.3082
760       9.8575       6.8341     152.1981       1.4122      26.7147      53.7877       8.5375       6.0309
761       9.8502       0.0000       0.0000       0.0000      26.7522 12050027744818292919277434657381038584722620416.0000       8.5315       0.0000
762       9.8458       0.0000       0.0000       0.0000      26.7744 12050027744818292919277434657381038584722620416.0000       8.5279       0.0000
763       9.8421       4.1836       6.9421       0.1701      26.7938     162.3364       8.5248       3.7858
764       9.8385       7.6446      35.3806       0.5422      26.8118      43.1825       8.5219       6.7076
765       9.8201       0.0000       0.0000       0.0000      26.9070 12050027744818292919277434657381038584722620416.0000       8.5068       0.0000
766       9.8185       1.5525       8.7208       0.1847      26.9151    2017.8864       8.5055       0.7261
767       9.8134       8.1757      17.5862       0.3435      26.9416      38.0366       8.5013       7.1490
768       9.8119       2.4053     458.5098       2.6548      26.9495     727.4912       8.5000       0.0000
769       9.8081       2.8025      60.4177       0.6947      26.9691     474.7975       8.4969       2.5885
770       9.7970       9.0349    6615.1938      18.1746      27.0269      31.4942       8.4878       7.8600
771       9.7943       2.3195      66.1433       0.7282      27.0412     800.4939       8.4855       0.0000
772       9.7740       1.8341       6.0476       0.1457      27.1473    1360.8198       8.4689       1.5998
773       9.7654       0.0000       0.0000       0.0000      27.1925 12050027744818292919277434657381038584722620416.0000       8.4618       0.0000
774       9.7580       0.0000       0.0000       0.0000      27.2312 12050027744818292919277434657381038584722620416.0000       8.4557       0.0000
775       9.7531       6.6225     531.5239       3.2301      27.2572      57.6772       8.4517       5.8536
776       9.7420       3.7866       2.8477       0.0928      27.3158     208.7379       8.4426       3.4440
777       9.7304       3.8644    1346.7855       5.6424      27.3775     197.5864       8.4330       3.5111
778       9.7075       0.0000       0.0000       0.0000      27.4993 12050027744818292919277434657381038584722620416.0000       8.4142       0.0000
779       9.6927       0.0000       0.0000       0.0000      27.5790 12050027744818292919277434657381038584722620416.0000       8.4020       0.0000
780       9.6884       0.0000       0.0000       0.0000      27.6022 12050027744818292919277434657381038584722620416.0000       8.3985       0.0000
781       9.6800       1.6199       3.2406       0.0953      27.6473    1777.3889       8.3916       0.9645
782       9.6611       0.0000       0.0000       0.0000      27.7498 12050027744818292919277434657381038584722620416.0000       8.3760       0.0000
783       9.6063       0.0000       0.0000       0.0000      28.0494 12050027744818292919277434657381038584722620416.0000       8.3309       0.0000
784       9.5961       0.0000       0.0000       0.0000      28.1055 12050027744818292919277434657381038584722620416.0000       8.3226       0.0000
785       9.5888       8.2714      21.6484       0.3936      28.1459      37.2103       8.3166       7.2283
786       9.5818       0.0000       0.0000       0.0000      28.1852 12050027744818292919277434657381038584722620416.0000       8.3107       0.0000
787       9.5805       5.9361      77.7997       0.8812      28.1920      73.5314       8.3097       5.2763
788       9.5796       0.0000       0.0000       0.0000      28.1970 12050027744818292919277434657381038584722620416.0000       8.3090       0.0000
789       9.5634       0.0000       0.0000       0.0000      28.2873 12050027744818292919277434657381038584722620416.0000       8.2957       0.0000
790       9.5615       0.0000       0.0000       0.0000      28.2981 12050027744818292919277434657381038584722620416.0000       8.2941       0.0000
791       9.5600       1.7874      12.0650       0.2292      28.3068    1418.9007       8.2928       1.5472
792       9.5470       4.5998     818.7752       4.1033      28.3794     130.4511       8.2821       4.1422
793       9.5238       0.0000       0.0000       0.0000      28.5103 12050027744818292919277434657381038584722620416.0000       8.2630       0.0000
794       9.5194       6.0558      42.4954       0.5895      28.5350      70.3455       8.2594       5.3772
795       9.5151       0.0000       0.0000       0.0000      28.5592 12050027744818292919277434657381038584722620416.0000       8.2559       0.0000
796       9.5115       8.2812       7.4931       0.1938      28.5799      37.1271       8.2529       7.2365
797       9.5048       9.2353      63.7528       0.8217      28.6177      30.2160       8.2474       8.0253
798       9.4886       0.0000       0.0000       0.0000      28.7102 12050027744818292919277434657381038584722620416.0000       8.2341       0.0000
799       9.4809       0.0000       0.0000       0.0000      28.7544 12050027744818292919277434657381038584722620416.0000       8.2277       0.0000
800       9.4800       4.1606      24.7392       0.3933      28.7596     164.4144       8.2269       3.7660
801       9.4758       6.9792     165.0947       1.4839      28.7838      51.3375       8.2235       6.1523
802       9.4689       9.2930     392.6212       2.7619      28.8231      29.8626       8.2178       8.0729
803       9.4672       5.3479       8.3507       0.1960      28.8329      92.6961       8.2164       4.7789
804       9.4638       6.4777    1297.0402       5.8025      28.8527      60.5779       8.2136       5.7321
805       9.4431       8.4245     360.4114       2.5666      28.9718      35.9433       8.1966       7.3552
806       9.4328       0.0000       0.0000       0.0000      29.0317 12050027744818292919277434657381038584722620416.0000       8.1881       0.0000
807       9.4254       7.3474      10.0630       0.2313      29.0749      46.5409       8.1820       6.4599
808       9.4192       0.0000       0.0000       0.0000      29.1111 12050027744818292919277434657381038584722620416.0000       8.1769       0.0000
809       9.4074       0.0000       0.0000       0.0000      29.1804 12050027744818292919277434657381038584722620416.0000       8.1671       0.0000
810       9.3936       0.0000       0.0000       0.0000      29.2609 12050027744818292919277434657381038584722620416.0000       8.1558       0.0000
811       9.3889       2.5079     296.4368       1.9675      29.2887     651.2228       8.1520       2.3296
812       9.3694       0.0000       0.0000       0.0000      29.4040 12050027744818292919277434657381038584722620416.0000       8.1359       0.0000
813       9.3476       8.3568     612.4142       3.6436      29.5337      36.4952       8.1179       7.2991
814       9.3454       2.1866      24.8898       0.3734      29.5468     935.1549       8.1161       0.0000
815       9.3307       0.0000       0.0000       0.0000      29.6349 12050027744818292919277434657381038584722620416.0000       8.1040       0.0000
816       9.3198       0.0000       0.0000       0.0000      29.7002 12050027744818292919277434657381038584722620416.0000       8.0950       0.0000
817       9.3036       2.2779      31.8702       0.4409      29.7984     839.6122       8.0816       0.0000
818       9.2965       7.0684     118.3081       1.1861      29.8412      50.0713       8.0758       6.2269
819       9.2905       0.0000       0.0000       0.0000      29.8777 12050027744818292919277434657381038584722620416.0000       8.0708       0.0000
820       9.2871       0.0000       0.0000       0.0000      29.8981 12050027744818292919277434657381038584722620416.0000       8.0681       0.0000
821       9.2679       0.0000       0.0000       0.0000      30.0153 12050027744818292919277434657381038584722620416.0000       8.0522       0.0000
822       9.2613       0.0000       0.0000       0.0000      30.0557 12050027744818292919277434657381038584722620416.0000       8.0468       0.0000
823       9.2598       2.1036      72.8548       0.7602      30.0650    1035.5279       8.0455       1.9282
824       9.2325       5.2902     495.1681       2.9602      30.2329      94.9528       8.0230       4.7300
825       9.2229       1.9214      24.0842       0.3611      30.2923    1262.1461       8.0151       1.6991
826       9.1893       0.0000       0.0000       0.0000      30.5021 12050027744818292919277434657381038584722620416.0000       7.9874       0.0000
827       9.1812       0.0000       0.0000       0.0000      30.5530 12050027744818292919277434657381038584722620416.0000       7.9807       0.0000
828       9.1657       5.8727      40.2708       0.5622      30.6503      75.3054       7.9680       5.2228
829       9.1468       0.0000       0.0000       0.0000      30.7705 12050027744818292919277434657381038584722620416.0000       7.9523       0.0000
830       9.1393       0.0000       0.0000       0.0000      30.8180 12050027744818292919277434657381038584722620416.0000       7.9462       0.0000
831       9.1361       0.0000       0.0000       0.0000      30.8385 12050027744818292919277434657381038584722620416.0000       7.9435       0.0000
832       9.1253       0.0000       0.0000       0.0000      30.9075 12050027744818292919277434657381038584722620416.0000       7.9346       0.0000
833       9.1236       5.5844     887.4367       4.3861      30.9186      84.2064       7.9332       4.9792
834       9.1203       0.5714     619.5055       3.0036      30.9392   87179.2574       7.9305       0.0000
835       9.1153       8.6837       2.8818       0.1025      30.9712      33.9430       7.9264       7.5698
836       9.1076       3.0764       1.0471       0.0460      31.0213     365.5090       7.9200       2.8279
837       9.0978       0.0000       0.0000       0.0000      31.0841 12050027744818292919277434657381038584722620416.0000       7.9119       0.0000
838       9.0891       2.1611      23.9024       0.3604      31.1403     964.5063       7.9047       0.0000
839       9.0731       0.0000       0.0000       0.0000      31.2444 12050027744818292919277434657381038584722620416.0000       7.8915       0.0000
840       9.0665       0.0000       0.0000       0.0000      31.2871 12050027744818292919277434657381038584722620416.0000       7.8861       0.0000
841       9.0464       0.0000       0.0000       0.0000      31.4188 12050027744818292919277434657381038584722620416.0000       7.8695       0.0000
842       9.0309       0.0000       0.0000       0.0000      31.5205 12050027744818292919277434657381038584722620416.0000       7.8567       0.0000
843       9.0277       0.0000       0.0000       0.0000      31.5420 12050027744818292919277434657381038584722620416.0000       7.8540       0.0000
844       9.0226       0.0000       0.0000       0.0000      31.5752 12050027744818292919277434657381038584722620416.0000       7.8499       0.0000
845       9.0218       0.0000       0.0000       0.0000      31.5803 12050027744818292919277434657381038584722620416.0000       7.8492       0.0000
846       9.0199       1.3822       1.0920       0.0449      31.5934    2665.4543       7.8476       0.3394
847       9.0126       0.0000       0.0000       0.0000      31.6416 12050027744818292919277434657381038584722620416.0000       7.8416       0.0000
848       9.0122       0.0000       0.0000       0.0000      31.6442 12050027744818292919277434657381038584722620416.0000       7.8413       0.0000
849       9.0114       2.7801       1.6073       0.0605      31.6497     485.7608       7.8406       2.5688
850       9.0073       4.9414      31.5683       0.4661      31.6769     110.5884       7.8372       4.4335
851       8.9890       3.3957     196.1891       1.5143      31.7988     280.0432       7.8221       3.1057
852       8.9627       0.0000       0.0000       0.0000      31.9752 12050027744818292919277434657381038584722620416.0000       7.8004       0.0000
853       8.9560       5.1239       1.0940       0.0497      32.0206     101.9278       7.7948       4.5888
854       8.9429       0.0000       0.0000       0.0000      32.1088 12050027744818292919277434657381038584722620416.0000       7.7841       0.0000
855       8.9359       3.5267    4458.4179      12.1748      32.1566     252.8708       7.7782       3.2193
856       8.9354       0.0000       0.0000       0.0000      32.1600 12050027744818292919277434657381038584722620416.0000       7.7778       0.0000
857       8.9346       8.5544    2604.5851       9.5255      32.1655      34.9191       7.7772       7.4628
858       8.9136       1.9338      14.4957       0.2551      32.3085    1249.0491       7.7599       1.7133
859       8.9004       0.7795       1.9996       0.0656      32.3990   23538.5210       7.7490       0.0000
860       8.8942       6.1681       4.9845       0.1397      32.4421      67.5347       7.7438       5.4717
861       8.8915       7.8300       3.0154       0.1035      32.4607      41.2710       7.7416       6.8619
862       8.8908       0.0000       0.0000       0.0000      32.4651 12050027744818292919277434657381038584722620416.0000       7.7410       0.0000
863       8.8818       0.0000       0.0000       0.0000      32.5277 12050027744818292919277434657381038584722620416.0000       7.7335       0.0000
864       8.8700       1.8027     342.0888       2.0876      32.6095    1399.4133       7.7238       1.5644
865       8.8674       2.4081      11.3648       0.2197      32.6271     725.2276       7.7217       0.0000
866       8.8587       3.3316      13.3231       0.2507      32.6879     294.8082       7.7145       3.0501
867       8.8540       4.8162      13.5734       0.2637      32.7209     117.3295       7.7106       4.3269
868       8.8315       7.8427      22.1392       0.3905      32.8784      41.1457       7.6920       6.8723
869       8.8263       0.0000       0.0000       0.0000      32.9148 12050027744818292919277434657381038584722620416.0000       7.6877       0.0000
870       8.8214       2.5637     126.3708       1.0982      32.9493     611.6963       7.6837       2.3787
871       8.8170       1.0907       1.2286       0.0478      32.9809    5774.3652       7.6800       0.2188
872       8.8148       0.0000       0.0000       0.0000      32.9962 12050027744818292919277434657381038584722620416.0000       7.6782       0.0000
873       8.8055       2.9215       2.2278       0.0751      33.0617     421.8022       7.6705       2.6927
874       8.8054       0.0000       0.0000       0.0000      33.0630 12050027744818292919277434657381038584722620416.0000       7.6704       0.0000
875       8.7972       6.1471     776.5185       4.0340      33.1209      68.0464       7.6637       5.4541
876       8.7857       0.0000       0.0000       0.0000      33.2030 12050027744818292919277434657381038584722620416.0000       7.6541       0.0000
877       8.7819       4.6263       1.1057       0.0492      33.2296     128.7315       7.6510       4.1649
878       8.7771       0.0000       0.0000       0.0000      33.2640 12050027744818292919277434657381038584722620416.0000       7.6471       0.0000
879       8.7671       0.0000       0.0000       0.0000      33.3358 12050027744818292919277434657381038584722620416.0000       7.6388       0.0000
880       8.7584       0.0000       0.0000       0.0000      33.3989 12050027744818292919277434657381038584722620416.0000       7.6315       0.0000
881       8.7579       0.0000       0.0000       0.0000      33.4022 12050027744818292919277434657381038584722620416.0000       7.6312       0.0000
882       8.7568       0.0000       0.0000       0.0000      33.4104 12050027744818292919277434657381038584722620416.0000       7.6302       0.0000
883       8.7507       0.0000       0.0000       0.0000      33.4541 12050027744818292919277434657381038584722620416.0000       7.6252       0.0000
884       8.7417       0.0000       0.0000       0.0000      33.5193 12050027744818292919277434657381038584722620416.0000       7.6178       0.0000
885       8.7366       5.9380      50.8130       0.6511      33.5565      73.4799       7.6135       5.2779
886       8.7316       3.3396     107.9833       1.0084      33.5925     292.9198       7.6094       3.0570
887       8.7295       0.0000       0.0000       0.0000      33.6080 12050027744818292919277434657381038584722620416.0000       7.6077       0.0000
888       8.7231       2.1438     189.0255       1.4142      33.6546     985.0943       7.6024       1.9830
889       8.7223       3.0531       1.5930       0.0602      33.6604     373.0662       7.6017       2.8076
890       8.7183       0.0000       0.0000       0.0000      33.6891 12050027744818292919277434657381038584722620416.0000       7.5984       0.0000
891       8.7022       3.4315    1270.8099       5.2263      33.8075     272.2226       7.5851       3.1368
892       8.6939       0.0000       0.0000       0.0000      33.8684 12050027744818292919277434657381038584722620416.0000       7.5782       0.0000
893       8.6693       0.0000       0.0000       0.0000      34.0499 12050027744818292919277434657381038584722620416.0000       7.5579       0.0000
894       8.6593       1.8266     698.1720       3.3392      34.1243    1369.9213       7.5496       1.5913
895       8.6408       0.0000       0.0000       0.0000      34.2627 12050027744818292919277434657381038584722620416.0000       7.5343       0.0000
896       8.6311       0.0000       0.0000       0.0000      34.3349 12050027744818292919277434657381038584722620416.0000       7.5263       0.0000
897       8.6267       7.3507    3440.1496      11.1265      34.3683      46.5013       7.5226       6.4627
898       8.6207       0.0000       0.0000       0.0000      34.4136 12050027744818292919277434657381038584722620416.0000       7.5177       0.0000
899       8.6098       0.0000       0.0000       0.0000      34.4954 12050027744818292919277434657381038584722620416.0000       7.5087       0.0000
900       8.6089       5.1783      29.3682       0.4425      34.5024      99.5692       7.5079       4.6350
901       8.6059       0.0000       0.0000       0.0000      34.5251 12050027744818292919277434657381038584722620416.0000       7.5055       0.0000
902       8.5884       0.6839       2.9195       0.0832      34.6584   40879.3515       7.4909       0.0000
903       8.5827       0.0000       0.0000       0.0000      34.7017 12050027744818292919277434657381038584722620416.0000       7.4862       0.0000
904       8.5801       0.0000       0.0000       0.0000      34.7214 12050027744818292919277434657381038584722620416.0000       7.4841       0.0000
905       8.5743       0.0000       0.0000       0.0000      34.7661 12050027744818292919277434657381038584722620416.0000       7.4793       0.0000
906       8.5569       5.1182       5.0502       0.1365      34.8995     102.1792       7.4649       4.5840
907       8.5473       0.0000       0.0000       0.0000      34.9736 12050027744818292919277434657381038584722620416.0000       7.4570       0.0000
908       8.5453       0.0000       0.0000       0.0000      34.9895 12050027744818292919277434657381038584722620416.0000       7.4553       0.0000
909       8.5419       0.0000       0.0000       0.0000      35.0153 12050027744818292919277434657381038584722620416.0000       7.4525       0.0000
910       8.5254       1.3830       1.0881       0.0440      35.1438    2662.3356       7.4388       0.3404
911       8.5247       6.6680     183.9520       1.5529      35.1491      56.8083       7.4382       5.8917
912       8.5203       0.0000       0.0000       0.0000      35.1837 12050027744818292919277434657381038584722620416.0000       7.4346       0.0000
913       8.5157       3.9419      64.4528       0.7224      35.2196     187.2882       7.4308       3.5779
914       8.5129       0.0000       0.0000       0.0000      35.2410 12050027744818292919277434657381038584722620416.0000       7.4285       0.0000
915       8.4972       0.0000       0.0000       0.0000      35.3643 12050027744818292919277434657381038584722620416.0000       7.4155       0.0000
916       8.4948       0.0000       0.0000       0.0000      35.3833 12050027744818292919277434657381038584722620416.0000       7.4135       0.0000
917       8.4946       0.0000       0.0000       0.0000      35.3849 12050027744818292919277434657381038584722620416.0000       7.4133       0.0000
918       8.4619       7.5843       1.3119       0.0586      35.6437      43.8330       7.3862       6.6574
919       8.4510       0.0000       0.0000       0.0000      35.7306 12050027744818292919277434657381038584722620416.0000       7.3772       0.0000
920       8.4172       0.0000       0.0000       0.0000      36.0021 12050027744818292919277434657381038584722620416.0000       7.3492       0.0000
921       8.4149       3.1056    1388.6116       5.4494      36.0208     356.3208       7.3473       2.8534
922       8.4088       0.0000       0.0000       0.0000      36.0698 12050027744818292919277434657381038584722620416.0000       7.3422       0.0000
923       8.3908       8.2474     552.2326       3.3311      36.2158      37.4147       7.3274       7.2085
924       8.3856       0.0000       0.0000       0.0000      36.2584 12050027744818292919277434657381038584722620416.0000       7.3230       0.0000
925       8.3749       0.0000       0.0000       0.0000      36.3461 12050027744818292919277434657381038584722620416.0000       7.3141       0.0000
926       8.3717       0.0000       0.0000       0.0000      36.3722 12050027744818292919277434657381038584722620416.0000       7.3115       0.0000
927       8.3581       5.5642    3773.7881      11.3039      36.4846      84.8856       7.3002       4.9621
928       8.3535       0.0000       0.0000       0.0000      36.5222 12050027744818292919277434657381038584722620416.0000       7.2964       0.0000
929       8.3496       0.0000       0.0000       0.0000      36.5548 12050027744818292919277434657381038584722620416.0000       7.2931       0.0000
930       8.3372       0.0000       0.0000       0.0000      36.6575 12050027744818292919277434657381038584722620416.0000       7.2829       0.0000
931       8.3358       0.0000       0.0000       0.0000      36.6686 12050027744818292919277434657381038584722620416.0000       7.2818       0.0000
932       8.3265       0.0000       0.0000       0.0000      36.7459 12050027744818292919277434657381038584722620416.0000       7.2741       0.0000
933       8.3213       0.0000       0.0000       0.0000      36.7896 12050027744818292919277434657381038584722620416.0000       7.2697       0.0000
934       8.3181       6.9092     269.0285       2.0024      36.8168      52.4991       7.2670       6.0938
935       8.3175       0.0000       0.0000       0.0000      36.8214 12050027744818292919277434657381038584722620416.0000       7.2666       0.0000
936       8.3084       0.0000       0.0000       0.0000      36.8973 12050027744818292919277434657381038584722620416.0000       7.2591       0.0000
937       8.3062       2.4812      10.0777       0.1998      36.9159     670.3162       7.2572       2.3060
938       8.3057       0.0000       0.0000       0.0000      36.9201 12050027744818292919277434657381038584722620416.0000       7.2568       0.0000
939       8.3026       8.2385       5.3852       0.1517      36.9466      37.4913       7.2542       7.2011
940       8.3014       0.0000       0.0000       0.0000      36.9564 12050027744818292919277434657381038584722620416.0000       7.2532       0.0000
941       8.2941       0.0000       0.0000       0.0000      37.0183 12050027744818292919277434657381038584722620416.0000       7.2471       0.0000
942       8.2923       0.0000       0.0000       0.0000      37.0327 12050027744818292919277434657381038584722620416.0000       7.2457       0.0000
943       8.2908       6.7254      71.9671       0.8275      37.0459      55.7365       7.2444       5.9398
944       8.2894       0.0000       0.0000       0.0000      37.0571 12050027744818292919277434657381038584722620416.0000       7.2433       0.0000
945       8.2882       6.8730     101.8090       1.0461      37.0672      53.1150       7.2423       6.0635
946       8.2820       0.0000       0.0000       0.0000      37.1199 12050027744818292919277434657381038584722620416.0000       7.2372       0.0000
947       8.2786       1.1668      32.9185       0.4209      37.1488    4383.8474       7.2343       0.2188
948       8.2785       7.8561     208.0381       1.7198      37.1498      41.0129       7.2342       6.8835
949       8.2705       0.0000       0.0000       0.0000      37.2180 12050027744818292919277434657381038584722620416.0000       7.2276       0.0000
950       8.2628       0.0000       0.0000       0.0000      37.2829 12050027744818292919277434657381038584722620416.0000       7.2212       0.0000
951       8.2618       2.9578      37.9422       0.4900      37.2921     407.2387       7.2204       2.7244
952       8.2545       3.0243       3.7751       0.1054      37.3544     382.7421       7.2143       2.7825
953       8.2389       0.0000       0.0000       0.0000      37.4881 12050027744818292919277434657381038584722620416.0000       7.2014       0.0000
954       8.2379       0.0000       0.0000       0.0000      37.4965 12050027744818292919277434657381038584722620416.0000       7.2006       0.0000
955       8.2378       4.8652      12.5893       0.2473      37.4973     114.6228       7.2005       4.3686
956       8.2317       0.0000       0.0000       0.0000      37.5499 12050027744818292919277434657381038584722620416.0000       7.1954       0.0000
957       8.2285       5.8866     612.8251       3.3801      37.5772      74.9119       7.1928       5.2345
958       8.2233       0.0000       0.0000       0.0000      37.6222 12050027744818292919277434657381038584722620416.0000       7.1885       0.0000
959       8.2209       0.0000       0.0000       0.0000      37.6430 12050027744818292919277434657381038584722620416.0000       7.1865       0.0000
960       8.2178       0.0000       0.0000       0.0000      37.6695 12050027744818292919277434657381038584722620416.0000       7.1839       0.0000
961       8.2090       5.2215    1458.3444       5.9257      37.7457      97.7508       7.1766       4.6716
962       8.1979       0.0000       0.0000       0.0000      37.8430 12050027744818292919277434657381038584722620416.0000       7.1674       0.0000
963       8.1804       7.0931     237.2546       1.8433      37.9958      49.7428       7.1529       6.2476
964       8.1797       0.0000       0.0000       0.0000      38.0015 12050027744818292919277434657381038584722620416.0000       7.1523       0.0000
965       8.1667       2.3938    1124.0552       4.5979      38.1164     736.7554       7.1415       0.0000
966       8.1529       5.4778    1545.3170       6.1895      38.2383      87.8883       7.1300       4.8889
967       8.1405       0.0000       0.0000       0.0000      38.3486 12050027744818292919277434657381038584722620416.0000       7.1197       0.0000
968       8.1379       6.5775    1260.2518       5.5424      38.3715      58.5564       7.1176       5.8158
969       8.1181       0.0000       0.0000       0.0000      38.5485 12050027744818292919277434657381038584722620416.0000       7.1012       0.0000
970       8.1123       5.2684     254.5154       1.8483      38.6006      95.8288       7.0963       4.7115
971       8.1014       0.0000       0.0000       0.0000      38.6987 12050027744818292919277434657381038584722620416.0000       7.0873       0.0000
972       8.0906       4.1185     168.3212       1.3608      38.7959     168.3150       7.0784       3.7298
973       8.0862       4.1491    5923.4738      14.6239      38.8361     165.4662       7.0747       3.7561
974       8.0857       0.0000       0.0000       0.0000      38.8407 12050027744818292919277434657381038584722620416.0000       7.0743       0.0000
975       8.0748       0.0000       0.0000       0.0000      38.9393 12050027744818292919277434657381038584722620416.0000       7.0653       0.0000
976       8.0701       7.7412    2593.6695       9.1848      38.9826      42.1702       7.0613       6.7880
977       8.0461       1.1905       2.7144       0.0791      39.2023    4037.6223       7.0414       0.2188
978       8.0443       0.0000       0.0000       0.0000      39.2194 12050027744818292919277434657381038584722620416.0000       7.0399       0.0000
979       8.0323       0.0000       0.0000       0.0000      39.3301 12050027744818292919277434657381038584722620416.0000       7.0299       0.0000
980       8.0187       2.3640    2936.4179       8.6720      39.4556     761.4591       7.0187       0.0000
981       8.0169       3.6720      10.9672       0.2172      39.4729     226.7656       7.0171       3.3451
982       8.0141       3.3990     816.4620       3.8127      39.4990     279.3181       7.0148       3.1085
983       8.0107       6.8968    4980.3788      13.9139      39.5308      52.7098       7.0120       6.0833
984       8.0104       0.0000       0.0000       0.0000      39.5335 12050027744818292919277434657381038584722620416.0000       7.0117       0.0000
