# Kroupa IMF
# ntot (mmin,mmax,mcut)/Msol (pmin,pmax)/days (lxmin,lxmax)/ergs/s
100000 0.01 100.0 8.0 0.1 1000.0 1e+35 1e+38
# n (m1,m2)/M* P/days a/AU (t1,t2)/Myrs (mr1,mr2)/M*
        1      98.8412      59.0295     201.5006       3.6010       3.3190       4.1394      76.0859      46.6534
        2      98.3264       0.0000       0.0000       0.0000       3.3251       0.0000      75.7098       0.0000
        3      94.5583      91.5087      54.0937       1.5829       3.3712       3.4103      72.9541      70.7197
        4      93.1468       0.0000       0.0000       0.0000       3.3891       0.0000      71.9203       0.0000
        5      92.8422       0.0000       0.0000       0.0000       3.3930       0.0000      71.6972       0.0000
        6      91.7241      89.6100      25.9038       0.9606       3.4075       3.4355      70.8776      69.3266
        7      89.8739       0.0000       0.0000       0.0000       3.4320       0.0000      69.5203       0.0000
        8      88.7211      13.7471      11.5557       0.4637       3.4476      15.9040      68.6739      11.7054
        9      88.6648       0.0000       0.0000       0.0000       3.4484       0.0000      68.6326       0.0000
       10      88.2754       0.0000       0.0000       0.0000       3.4537       0.0000      68.3465       0.0000
       11      88.0888       0.0000       0.0000       0.0000       3.4563       0.0000      68.2094       0.0000
       12      85.7260       9.6623       3.5056       0.2044       3.4895      27.7433      66.4722       8.3770
       13      82.3985       0.0000       0.0000       0.0000       3.5498       0.0000      64.0215       0.0000
       14      80.0753      55.5498      19.5553       0.7229       3.5962       4.2895      62.3075      44.0399
       15      79.8865       0.0000       0.0000       0.0000       3.6000       0.0000      62.1681       0.0000
       16      78.6212       0.0000       0.0000       0.0000       3.6263       0.0000      61.2335       0.0000
       17      77.2398       0.0000       0.0000       0.0000       3.6556       0.0000      60.2121       0.0000
       18      76.8058       0.0000       0.0000       0.0000       3.6649       0.0000      59.8910       0.0000
       19      76.4556      27.3344       0.1176       0.0219       3.6726       7.2219      59.6319      22.4710
       20      74.9357       0.0000       0.0000       0.0000       3.7062       0.0000      58.5064       0.0000
       21      74.7799       0.0000       0.0000       0.0000       3.7097       0.0000      58.3911       0.0000
       22      74.3537      57.4509       0.2292       0.0370       3.7194       4.2057      58.0753      45.4688
       23      74.3151      24.8456     730.3954       7.2771       3.7202       7.8518      58.0466      20.5250
       24      72.4660       0.0000       0.0000       0.0000       3.7631       0.0000      56.6753       0.0000
       25      71.1797      17.7175      32.6754       0.8843       3.7938      11.4558      55.7203      14.8917
       26      69.7130       0.0000       0.0000       0.0000       3.8299       0.0000      54.6303       0.0000
       27      68.7659      38.1087       7.9344       0.3660       3.8537       5.4219      53.9258      30.8004
       28      68.3936      27.0254     838.5516       7.8772       3.8632       7.2930      53.6487      22.2299
       29      67.1223       0.0000       0.0000       0.0000       3.8963       0.0000      52.7021       0.0000
       30      66.6615      40.7786      78.7732       1.6935       3.9085       5.1416      52.3587      32.8444
       31      66.5034      24.1390      23.2234       0.7088       3.9127       8.0976      52.2409      19.9707
       32      66.0716       0.0000       0.0000       0.0000       3.9243       0.0000      51.9190       0.0000
       33      65.9883       0.0000       0.0000       0.0000       3.9266       0.0000      51.8568       0.0000
       34      64.6362       0.0000       0.0000       0.0000       3.9637       0.0000      50.8481       0.0000
       35      64.3157       0.0000       0.0000       0.0000       3.9727       0.0000      50.6088       0.0000
       36      63.7706      53.8882       1.4775       0.1232       3.9880       4.3665      50.2018      42.7889
       37      63.2042      50.5631      32.0219       0.9472       4.0042       4.5326      49.7786      40.2797
       38      62.6908       0.0000       0.0000       0.0000       4.0191       0.0000      49.3948       0.0000
       39      62.6325       0.0000       0.0000       0.0000       4.0208       0.0000      49.3513       0.0000
       40      60.6653      57.8640       0.6206       0.0693       4.0795       4.1881      47.8792      45.7789
       41      60.0562      46.3194     323.3185       4.3269       4.0983       4.7716      47.4230      37.0648
       42      59.2633      35.9425       0.1792       0.0281       4.1298       5.7027      46.8287      29.1367
       43      59.1138       0.0000       0.0000       0.0000       4.1359       0.0000      46.7166       0.0000
       44      59.0743      27.8575       0.7303       0.0696       4.1375       7.1047      46.6870      22.8788
       45      58.7531       0.0000       0.0000       0.0000       4.1508       0.0000      46.4461       0.0000
       46      57.7659       0.0000       0.0000       0.0000       4.1922       0.0000      45.7053       0.0000
       47      57.1527      32.2545       7.2581       0.3249       4.2185       6.2609      45.2447      26.2922
       48      57.0519       0.0000       0.0000       0.0000       4.2229       0.0000      45.1691       0.0000
       49      56.7522      56.1074      23.3645       0.7656       4.2359       4.2644      44.9439      44.4592
       50      56.3101       0.0000       0.0000       0.0000       4.2554       0.0000      44.6116       0.0000
       51      55.9348       0.0000       0.0000       0.0000       4.2721       0.0000      44.3294       0.0000
       52      55.7936       2.4730      13.9630       0.4358       4.2785     676.1542      44.2232       2.2988
       53      55.3204      40.0814       3.5259       0.2052       4.2999       5.1938      43.8673      32.3113
       54      55.2573      31.3124      23.8858       0.7112       4.3028       6.4231      43.8198      25.5630
       55      54.4739       0.0000       0.0000       0.0000       4.3389       0.0000      43.2302       0.0000
       56      54.2925       0.0000       0.0000       0.0000       4.3474       0.0000      43.0935       0.0000
       57      53.5080      22.7691       1.2295       0.0944       4.3847       8.6192      42.5024      18.8937
       58      53.0155       0.0000       0.0000       0.0000       4.4085       0.0000      42.1311       0.0000
       59      52.9777      52.2056       2.0076       0.1456       4.4103       4.4484      42.1026      41.5202
       60      52.2604       0.0000       0.0000       0.0000       4.4457       0.0000      41.5616       0.0000
       61      52.0312      49.4951      11.2837       0.4550       4.4572       4.5897      41.3886      39.4720
       62      51.8974      48.6760       3.7423       0.2173       4.4639       4.6348      41.2876      38.8519
       63      51.7575       0.0000       0.0000       0.0000       4.4710       0.0000      41.1820       0.0000
       64      51.5141      24.8846       1.0049       0.0825       4.4834       7.8387      40.9982      20.5555
       65      51.3282       0.0000       0.0000       0.0000       4.4929       0.0000      40.8578       0.0000
       66      50.1639      13.8914     844.5442       6.9301       4.5537      15.6630      39.9779      11.8220
       67      48.5967      38.8266       4.9540       0.2500       4.6392       5.3353      38.7918      31.3508
       68      48.4006       0.0000       0.0000       0.0000       4.6502       0.0000      38.6433       0.0000
       69      48.3884       0.0000       0.0000       0.0000       4.6509       0.0000      38.6340       0.0000
       70      48.2025       7.2887     446.4040       4.3188       4.6614      47.2510      38.4932       6.4109
       71      48.0024       0.0000       0.0000       0.0000       4.6728       0.0000      38.3415       0.0000
       72      47.9182       0.0000       0.0000       0.0000       4.6776       0.0000      38.2777       0.0000
       73      47.7315      46.8374       0.2265       0.0328       4.6883       4.7406      38.1362      37.4581
       74      47.7196       7.8005       3.3838       0.1667       4.6890      41.5668      38.1272       6.8373
       75      47.6824       9.6482     105.2765       1.6666       4.6912      27.8196      38.0990       8.3654
       76      47.5454      10.3923       7.7078       0.2927       4.6991      24.4418      37.9951       8.9764
       77      47.3641      19.4512       2.1859       0.1325       4.7096      10.2374      37.8576      16.2711
       78      46.4392      34.6442     160.3508       2.4765       4.7644       5.8865      37.1558      28.1371
       79      46.3001      37.9704       0.1352       0.0224       4.7728       5.4389      37.0502      30.6943
       80      45.9433      19.6654      56.6066       1.1527       4.7944      10.1032      36.7792      16.4410
       81      45.8325      26.4111      38.4962       0.9205       4.8012       7.4391      36.6951      21.7501
       82      45.8089       0.0000       0.0000       0.0000       4.8027       0.0000      36.6772       0.0000
       83      45.3578       5.9983     298.1730       3.2160       4.8306      71.8506      36.3343       5.3287
       84      44.4073       0.0000       0.0000       0.0000       4.8910       0.0000      35.6115       0.0000
       85      44.3902       0.0000       0.0000       0.0000       4.8921       0.0000      35.5984       0.0000
       86      44.2927       0.0000       0.0000       0.0000       4.8984       0.0000      35.5243       0.0000
       87      44.1473      38.5298       0.5423       0.0562       4.9078       5.3707      35.4136      31.1233
       88      43.8386      33.6544      20.5275       0.6196       4.9281       6.0356      35.1786      27.3738
       89      43.1445      34.3874      30.3942       0.8051       4.9744       5.9244      34.6499      27.9392
       90      43.1274      24.2383      52.3246       1.1035       4.9755       8.0622      34.6369      20.0486
       91      42.8943       0.0000       0.0000       0.0000       4.9914       0.0000      34.4592       0.0000
       92      42.8113      42.6481      17.0697       0.5661       4.9970       5.0082      34.3959      34.2715
       93      42.7963       0.0000       0.0000       0.0000       4.9981       0.0000      34.3845       0.0000
       94      42.6669       0.0000       0.0000       0.0000       5.0069       0.0000      34.2858       0.0000
       95      42.5662       0.0000       0.0000       0.0000       5.0139       0.0000      34.2090       0.0000
       96      42.4712      32.0935       0.1188       0.0197       5.0204       6.2880      34.1366      26.1677
       97      42.0897      35.4983       0.2063       0.0289       5.0471       5.7642      33.8455      28.7949
       98      41.6040      31.1296       5.2611       0.2448       5.0815       6.4556      33.4749      25.4214
       99      41.2954       0.0000       0.0000       0.0000       5.1038       0.0000      33.2392       0.0000
      100      41.2722       3.2133       0.7751       0.0580       5.1054     325.0194      33.2215       2.9472
      101      40.8634       0.0000       0.0000       0.0000       5.1353       0.0000      32.9092       0.0000
      102      40.7425      13.8852       2.7338       0.1438       5.1442      15.6732      32.8168      11.8170
      103      40.5746      11.1505       0.1402       0.0195       5.1567      21.8279      32.6884       9.5967
      104      40.3763       0.0000       0.0000       0.0000       5.1715       0.0000      32.5368       0.0000
      105      39.2516       0.0000       0.0000       0.0000       5.2854       0.0000      31.6762       0.0000
      106      39.1349      34.0107       2.3079       0.1416       5.2990       5.9810      31.5869      27.6487
      107      39.1064       0.0000       0.0000       0.0000       5.3023       0.0000      31.5651       0.0000
      108      39.0057      24.4075       0.4195       0.0433       5.3142       8.0025      31.4879      20.1814
      109      38.9086       0.0000       0.0000       0.0000       5.3256       0.0000      31.4135       0.0000
      110      38.7251       0.0000       0.0000       0.0000       5.3474       0.0000      31.2730       0.0000
      111      38.2514      30.5770       0.9346       0.0759       5.4044       6.5561      30.9099      24.9930
      112      37.5319      14.6891     132.8739       1.8867       5.4937      14.4353      30.3579      12.4652
      113      37.5057      14.6726       0.1214       0.0178       5.4970      14.4591      30.3378      12.4519
      114      37.4817       0.0000       0.0000       0.0000       5.5000       0.0000      30.3194       0.0000
      115      37.4510       2.1842      71.7641       1.1414       5.5039     937.8112      30.2959       0.0000
      116      37.3967      30.3453      18.2659       0.5481       5.5108       6.5993      30.2542      24.8132
      117      37.3697       0.0000       0.0000       0.0000       5.5143       0.0000      30.2334       0.0000
      118      37.1510      36.8196       0.6632       0.0619       5.5423       5.5853      30.0655      29.8109
      119      36.9444      34.3979       3.2851       0.1777       5.5690       5.9229      29.9068      27.9473
      120      36.8865      35.1411     881.8867       7.4173       5.5765       5.8147      29.8623      28.5199
      121      36.7535      14.7556       0.5199       0.0466       5.5939      14.3403      29.7602      12.5188
      122      36.4564       0.0000       0.0000       0.0000       5.6332       0.0000      29.5319       0.0000
      123      36.3795      12.8356       4.9123       0.2053       5.6435      17.5817      29.4728      10.9678
      124      36.2802       0.0000       0.0000       0.0000       5.6568       0.0000      29.3964       0.0000
      125      36.2079      28.5515     131.4963       2.0130       5.6666       6.9555      29.3408      23.4193
      126      36.1753       0.0000       0.0000       0.0000       5.6710       0.0000      29.3158       0.0000
      127      35.7898      35.0546       1.7827       0.1179       5.7236       5.8270      29.0193      28.4533
      128      35.5892       0.0000       0.0000       0.0000       5.7515       0.0000      28.8649       0.0000
      129      35.5210       8.5311      35.5501       0.7402       5.7610      35.0995      28.8125       7.4435
      130      35.2335       7.8287       0.6738       0.0522       5.8015      41.2842      28.5911       6.8608
      131      35.1960      13.1717      10.3290       0.3350       5.8068      16.9298      28.5622      11.2401
      132      35.1685      34.5328      17.2978       0.5336       5.8108       5.9029      28.5411      28.0513
      133      34.7633       8.4075      39.8846       0.7939       5.8691      36.0801      28.2289       7.3412
      134      34.3133       0.0000       0.0000       0.0000       5.9355       0.0000      27.8821       0.0000
      135      33.9754       0.0000       0.0000       0.0000       5.9864       0.0000      27.6215       0.0000
      136      33.9575       0.0000       0.0000       0.0000       5.9891       0.0000      27.6077       0.0000
      137      33.9552       0.0000       0.0000       0.0000       5.9894       0.0000      27.6059       0.0000
      138      33.4205       0.0000       0.0000       0.0000       6.0720       0.0000      27.1932       0.0000
      139      33.3744      12.3293      25.9741       0.6079       6.0793      18.6472      27.1577      10.5568
      140      33.1712       0.0000       0.0000       0.0000       6.1114       0.0000      27.0008       0.0000
      141      32.5916       0.0000       0.0000       0.0000       6.2050       0.0000      26.5529       0.0000
      142      32.3008       0.0000       0.0000       0.0000       6.2532       0.0000      26.3280       0.0000
      143      32.1581      26.2777       3.1747       0.1625       6.2771       7.4717      26.2177      21.6459
      144      32.1118       0.0000       0.0000       0.0000       6.2849       0.0000      26.1819       0.0000
      145      32.0645      23.4904       0.8942       0.0687       6.2929       8.3367      26.1452      19.4612
      146      32.0181      18.0206      89.0113       1.4241       6.3008      11.2241      26.1093      15.1334
      147      31.9695       0.0000       0.0000       0.0000       6.3090       0.0000      26.0717       0.0000
      148      31.5842       0.0000       0.0000       0.0000       6.3754       0.0000      25.7735       0.0000
      149      31.3158       0.0000       0.0000       0.0000       6.4225       0.0000      25.5656       0.0000
      150      31.1350       0.0000       0.0000       0.0000       6.4547       0.0000      25.4256       0.0000
      151      31.1099       0.0000       0.0000       0.0000       6.4592       0.0000      25.4061       0.0000
      152      31.0757       0.0000       0.0000       0.0000       6.4653       0.0000      25.3796       0.0000
      153      30.9486      23.7497       3.7783       0.1785       6.4882       8.2395      25.2811      19.6650
      154      30.8086       0.0000       0.0000       0.0000       6.5136       0.0000      25.1726       0.0000
      155      30.6779       4.4127       1.0534       0.0657       6.5375     143.5572      25.0712       3.9822
      156      30.6156       4.7547       1.4283       0.0807       6.5490     120.8590      25.0229       4.2744
      157      30.5043      18.7011       1.2157       0.0809       6.5696      10.7340      24.9366      15.6751
      158      30.2185       0.0000       0.0000       0.0000       6.6232       0.0000      24.7148       0.0000
      159      30.1477      16.9251      56.7067       1.0331       6.6366      12.1049      24.6599      14.2591
      160      30.0560       1.8919     152.9022       1.7588       6.6541    1294.2034      24.5887       1.6653
      161      29.9044       0.0000       0.0000       0.0000       6.6832       0.0000      24.4710       0.0000
      162      29.7934      26.2439     104.4066       1.6448       6.7046       7.4800      24.3849      21.6195
      163      29.7366       0.0000       0.0000       0.0000       6.7157       0.0000      24.3407       0.0000
      164      29.6656       0.0000       0.0000       0.0000       6.7295       0.0000      24.2856       0.0000
      165      29.5834       9.5011       0.3292       0.0314       6.7457      28.6391      24.2217       8.2443
      166      29.5231       0.0000       0.0000       0.0000       6.7576       0.0000      24.1749       0.0000
      167      29.4508       0.0000       0.0000       0.0000       6.7719       0.0000      24.1187       0.0000
      168      29.4349       0.0000       0.0000       0.0000       6.7750       0.0000      24.1063       0.0000
      169      29.4160      24.0762     298.9486       3.2656       6.7788       8.1202      24.0917      19.9214
      170      29.3247      24.6901     566.7941       5.0187       6.7970       7.9046      24.0207      20.4031
      171      29.3233       0.0000       0.0000       0.0000       6.7973       0.0000      24.0196       0.0000
      172      29.1222      28.5005     298.7818       3.3464       6.8377       6.9662      23.8633      23.3796
      173      28.9626       1.1531      26.1100       0.5308       6.8702    4599.5955      23.7392       0.2188
      174      28.7264       0.0000       0.0000       0.0000       6.9189       0.0000      23.5554       0.0000
      175      28.7220       0.0000       0.0000       0.0000       6.9199       0.0000      23.5520       0.0000
      176      28.5334       0.0000       0.0000       0.0000       6.9593       0.0000      23.4052       0.0000
      177      28.5276       0.0000       0.0000       0.0000       6.9605       0.0000      23.4007       0.0000
      178      28.5101       0.0000       0.0000       0.0000       6.9642       0.0000      23.3871       0.0000
      179      28.4242       0.0000       0.0000       0.0000       6.9823       0.0000      23.3202       0.0000
      180      28.3781      11.1101       0.1226       0.0163       6.9921      21.9558      23.2844       9.5637
      181      28.2116       0.0000       0.0000       0.0000       7.0277       0.0000      23.1547       0.0000
      182      28.1777       0.0000       0.0000       0.0000       7.0350       0.0000      23.1283       0.0000
      183      28.0927       0.0000       0.0000       0.0000       7.0534       0.0000      23.0621       0.0000
      184      28.0646       0.0000       0.0000       0.0000       7.0595       0.0000      23.0402       0.0000
      185      27.9666      15.1332      24.5459       0.5740       7.0808      13.8517      22.9639      12.8226
      186      27.9553       0.0000       0.0000       0.0000       7.0833       0.0000      22.9550       0.0000
      187      27.9513       0.0000       0.0000       0.0000       7.0841       0.0000      22.9519       0.0000
      188      27.7956       1.3576       0.4890       0.0370       7.1184    2770.1707      22.8306       0.3059
      189      27.7171       0.0000       0.0000       0.0000       7.1357       0.0000      22.7694       0.0000
      190      27.6619      12.9900       6.4152       0.2301       7.1480      17.2771      22.7263      11.0929
      191      27.4966       0.0000       0.0000       0.0000       7.1851       0.0000      22.5975       0.0000
      192      27.2633      26.4418       7.1607       0.2717       7.2381       7.4317      22.4155      21.7742
      193      27.2517       0.0000       0.0000       0.0000       7.2408       0.0000      22.4065       0.0000
      194      27.1331       0.0000       0.0000       0.0000       7.2681       0.0000      22.3139       0.0000
      195      27.0898      23.0144       4.2928       0.1888       7.2781       8.5211      22.2802      19.0868
      196      26.8697       0.0000       0.0000       0.0000       7.3295       0.0000      22.1084       0.0000
      197      26.8222       8.5366     760.9604       5.3033       7.3407      35.0564      22.0713       7.4481
      198      26.7772      21.3075     463.8938       4.2243       7.3513       9.2523      22.0361      17.7410
      199      26.5394       0.0000       0.0000       0.0000       7.4081       0.0000      21.8504       0.0000
      200      26.3134      22.9696      86.3573       1.3886       7.4630       8.5388      21.6738      19.0516
      201      26.3029       0.0000       0.0000       0.0000       7.4655       0.0000      21.6656       0.0000
      202      26.2748      21.4977     539.1566       4.6595       7.4724       9.1649      21.6436      17.8912
      203      26.2668       0.0000       0.0000       0.0000       7.4744       0.0000      21.6374       0.0000
      204      26.2031      15.7037       4.1977       0.1752       7.4901      13.2479      21.5876      13.2808
      205      26.0868       3.4455     185.3327       1.9478       7.5188     269.2684      21.4967       3.1489
      206      25.9902      11.7507       3.1481       0.1397       7.5429      20.0652      21.4212      10.0862
      207      25.8931       0.0000       0.0000       0.0000       7.5673       0.0000      21.3452       0.0000
      208      25.8568       0.5379       0.1426       0.0158       7.5765  112466.8588      21.3168       0.0000
      209      25.7354      25.0550     331.1333       3.4361       7.6073       7.7852      21.2218      20.6891
      210      25.7020       0.0000       0.0000       0.0000       7.6159       0.0000      21.1956       0.0000
      211      25.6670      12.9082     429.9561       3.7313       7.6248      17.4374      21.1683      11.0266
      212      25.6113       0.0000       0.0000       0.0000       7.6391       0.0000      21.1247       0.0000
      213      25.5006       7.1009     234.6109       2.3557       7.6677      49.6399      21.0381       6.2541
      214      25.4916       0.0000       0.0000       0.0000       7.6701       0.0000      21.0310       0.0000
      215      25.4302      23.8080       3.9516       0.1776       7.6860       8.2179      20.9829      19.7108
      216      25.3629      25.1180      13.1873       0.3999       7.7036       7.7684      20.9302      20.7384
      217      25.2799       0.0000       0.0000       0.0000       7.7254       0.0000      20.8653       0.0000
      218      25.2721       0.0000       0.0000       0.0000       7.7275       0.0000      20.8592       0.0000
      219      25.2464       0.0000       0.0000       0.0000       7.7343       0.0000      20.8390       0.0000
      220      24.9777       0.0000       0.0000       0.0000       7.8074       0.0000      20.6285       0.0000
      221      24.9650      13.3280       0.4949       0.0409       7.8117      16.6403      20.6186      11.3666
      222      24.8338       0.0000       0.0000       0.0000       7.8558       0.0000      20.5157       0.0000
      223      24.8250       0.0000       0.0000       0.0000       7.8588       0.0000      20.5088       0.0000
      224      24.7686       0.0000       0.0000       0.0000       7.8779       0.0000      20.4646       0.0000
      225      24.7365       0.0000       0.0000       0.0000       7.8888       0.0000      20.4394       0.0000
      226      24.4922       4.3284       0.3567       0.0299       7.9729     150.0847      20.2479       3.9100
      227      24.4372       3.9226      30.1247       0.5723       7.9921     189.7856      20.2047       3.5612
      228      24.2733      17.0280      28.5999       0.6267       8.0498      12.0169      20.0761      14.3412
      229      24.2337       5.2898       1.2819       0.0707       8.0638      94.9705      20.0451       4.7296
      230      24.1571       0.0000       0.0000       0.0000       8.0911       0.0000      19.9849       0.0000
      231      23.8494      11.0792       1.2284       0.0727       8.2027      22.0540      19.7433       9.5385
      232      23.7916      11.2001       6.4472       0.2196       8.2240      21.6729      19.6979       9.6372
      233      23.7068       0.0000       0.0000       0.0000       8.2554       0.0000      19.6312       0.0000
      234      23.5646       0.0000       0.0000       0.0000       8.3087       0.0000      19.5195       0.0000
      235      23.4922       0.0000       0.0000       0.0000       8.3360       0.0000      19.4626       0.0000
      236      23.4897       5.7121      21.9878       0.4685       8.3370      80.0838      19.4607       5.0872
      237      23.4117      21.2303      11.0609       0.3414       8.3667       9.2883      19.3993      17.6800
      238      23.2201      10.9982      21.4898       0.4865       8.4404      22.3157      19.2486       9.4722
      239      23.1950       0.0000       0.0000       0.0000       8.4502       0.0000      19.2289       0.0000
      240      23.0450      20.3727      10.2810       0.3221       8.5090       9.7066      19.1109      17.0016
      241      23.0212       2.6673     147.1983       1.5946       8.5184     546.5068      19.0921       2.4698
      242      22.9099       0.0000       0.0000       0.0000       8.5626       0.0000      19.0045       0.0000
      243      22.8810      21.6074      12.0055       0.3601       8.5742       9.1152      18.9818      17.9778
      244      22.7291      19.7073     121.7138       1.6607       8.6354      10.0774      18.8622      16.4743
      245      22.7090      17.5865       0.7951       0.0570       8.6436      11.5587      18.8464      14.7872
      246      22.6830       0.0000       0.0000       0.0000       8.6542       0.0000      18.8259       0.0000
      247      22.6377       0.0000       0.0000       0.0000       8.6727       0.0000      18.7902       0.0000
      248      22.6340       0.0000       0.0000       0.0000       8.6742       0.0000      18.7873       0.0000
      249      22.4201       0.0000       0.0000       0.0000       8.7626       0.0000      18.6188       0.0000
      250      22.4182       0.0000       0.0000       0.0000       8.7634       0.0000      18.6173       0.0000
      251      22.3700       1.0239       8.5868       0.2325       8.7836    7477.3968      18.5793       0.1326
      252      22.3481       0.0000       0.0000       0.0000       8.7928       0.0000      18.5621       0.0000
      253      22.1553      21.5733     142.7399       1.8653       8.8745       9.1306      18.4101      17.9509
      254      22.1062       0.0000       0.0000       0.0000       8.8956       0.0000      18.3713       0.0000
      255      21.9858       1.3121       0.6114       0.0399       8.9477    2980.3896      18.2764       0.2511
      256      21.9828      21.3268      99.2413       1.4592       8.9490       9.2434      18.2740      17.7562
      257      21.9297       0.0000       0.0000       0.0000       8.9721       0.0000      18.2322       0.0000
      258      21.9095      10.1299      66.8925       1.0146       8.9810      25.4665      18.2162       8.7612
      259      21.8506       1.8554      29.0304       0.5260       9.0068    1335.5744      18.1698       1.6239
      260      21.7579       0.0000       0.0000       0.0000       9.0478       0.0000      18.0966       0.0000
      261      21.7506      11.1397     132.0212       1.6104       9.0511      21.8619      18.0908       9.5879
      262      21.7181      20.5426     424.3496       3.8130       9.0655       9.6209      18.0652      17.1361
      263      21.7138       0.0000       0.0000       0.0000       9.0675       0.0000      18.0618       0.0000
      264      21.7107       0.0000       0.0000       0.0000       9.0689       0.0000      18.0594       0.0000
      265      21.6534      20.9052       6.3696       0.2326       9.0945       9.4427      18.0141      17.4230
      266      21.5564       0.0000       0.0000       0.0000       9.1382       0.0000      17.9376       0.0000
      267      21.5476       1.8833      16.4015       0.3581       9.1422    1303.7154      17.9306       1.6556
      268      21.5082       6.4797     179.4285       1.8724       9.1601      60.5355      17.8995       5.7338
      269      21.4277       0.0000       0.0000       0.0000       9.1969       0.0000      17.8359       0.0000
      270      21.4261      16.0383       0.1777       0.0205       9.1976      12.9157      17.8346      13.5491
      271      21.4065       9.3290     389.5432       3.2388       9.2066      29.6452      17.8192       8.1026
      272      21.2818       0.0000       0.0000       0.0000       9.2642       0.0000      17.7207       0.0000
      273      21.2694      19.4967       5.4022       0.2054       9.2700      10.2086      17.7109      16.3072
      274      21.2183      13.7316     803.8902       5.4796       9.2939      15.9303      17.6705      11.6929
      275      21.2123       7.4890       1.3990       0.0742       9.2967      44.8927      17.6658       6.5780
      276      21.1288      15.6418       0.8846       0.0594       9.3359      13.3110      17.5998      13.2312
      277      21.1209       2.5540      42.7652       0.6807       9.3397     618.3173      17.5935       2.3702
      278      20.9943       0.0000       0.0000       0.0000       9.3999       0.0000      17.4934       0.0000
      279      20.9106       1.9526       2.4082       0.0988       9.4401    1229.6329      17.4272       1.7349
      280      20.8593       0.0000       0.0000       0.0000       9.4649       0.0000      17.3867       0.0000
      281      20.8185       0.0000       0.0000       0.0000       9.4847       0.0000      17.3544       0.0000
      282      20.7419       0.0000       0.0000       0.0000       9.5221       0.0000      17.2938       0.0000
      283      20.7259       5.9272      31.0043       0.5715       9.5300      73.7770      17.2811       5.2688
      284      20.7162       0.0000       0.0000       0.0000       9.5348       0.0000      17.2735       0.0000
      285      20.6538      19.2336       1.2899       0.0785       9.5655      10.3771      17.2241      16.0982
      286      20.5934       0.0000       0.0000       0.0000       9.5955       0.0000      17.1763       0.0000
      287      20.5085       0.0000       0.0000       0.0000       9.6380       0.0000      17.1091       0.0000
      288      20.5028       5.7507      58.5385       0.8686       9.6408      78.8984      17.1046       5.1198
      289      20.4522       0.0000       0.0000       0.0000       9.6663       0.0000      17.0645       0.0000
      290      20.2487      12.3529       0.3026       0.0279       9.7702      18.5951      16.9034      10.5760
      291      20.2093       0.0000       0.0000       0.0000       9.7905       0.0000      16.8721       0.0000
      292      20.1600       0.0000       0.0000       0.0000       9.8161       0.0000      16.8331       0.0000
      293      20.1468      15.1639      21.3534       0.4895       9.8230      13.8179      16.8226      12.8472
      294      20.1169       0.0000       0.0000       0.0000       9.8386       0.0000      16.7989       0.0000
      295      19.9642       6.0100     129.0941       1.4664       9.9214      71.5404      16.6780       5.3386
      296      19.9523      13.7000     461.0255       3.7350       9.9285      15.9839      16.6686      11.6674
      297      19.9346       8.5526       4.8699       0.1701       9.9392      34.9332      16.6545       7.4613
      298      19.8242      16.6252      28.1303       0.5945      10.0059      12.3684      16.5669      14.0192
      299      19.7056       4.8841      53.1471       0.7968      10.0784     113.5998      16.4729       4.3848
      300      19.6190       3.8233      35.4070       0.5982      10.1320     203.3767      16.4042       3.4756
      301      19.6082       0.0000       0.0000       0.0000      10.1388       0.0000      16.3956       0.0000
      302      19.5438       0.0000       0.0000       0.0000      10.1790       0.0000      16.3445       0.0000
      303      19.4923       4.2088       1.4071       0.0699      10.2114     160.1095      16.3036       3.8073
      304      19.4471       1.5067      54.2295       0.7657      10.2400    2206.6310      16.2678       0.5945
      305      19.3872       0.0000       0.0000       0.0000      10.2782       0.0000      16.2202       0.0000
      306      19.3729       0.0000       0.0000       0.0000      10.2873       0.0000      16.2089       0.0000
      307      19.3079       2.8626       0.1115       0.0126      10.3290     446.9656      16.1573       2.6411
      308      19.1489       0.0000       0.0000       0.0000      10.4324       0.0000      16.0310       0.0000
      309      19.1461      15.5888       9.3169       0.2801      10.4343      13.3656      16.0288      13.1885
      310      19.0877       0.0000       0.0000       0.0000      10.4727       0.0000      15.9824       0.0000
      311      19.0385      13.4196      13.2793       0.3468      10.5053      16.4745      15.9433      11.4407
      312      18.9963       3.2967      30.1220       0.5282      10.5335     303.2981      15.9097       3.0198
      313      18.9893       0.0000       0.0000       0.0000      10.5381       0.0000      15.9042       0.0000
      314      18.9561       9.2820       0.2839       0.0255      10.5603      29.9290      15.8778       8.0639
      315      18.9112       0.0000       0.0000       0.0000      10.5905       0.0000      15.8422       0.0000
      316      18.8908       0.0000       0.0000       0.0000      10.6043       0.0000      15.8259       0.0000
      317      18.8407       0.0000       0.0000       0.0000      10.6383       0.0000      15.7861       0.0000
      318      18.8402      11.1659       0.5674       0.0413      10.6387      21.7796      15.7857       9.6093
      319      18.8266      16.3344      21.6513       0.4933      10.6479      12.6342      15.7749      13.7864
      320      18.8263       0.0000       0.0000       0.0000      10.6481       0.0000      15.7746       0.0000
      321      18.7712       0.0000       0.0000       0.0000      10.6857       0.0000      15.7309       0.0000
      322      18.6969       2.8276       0.2106       0.0191      10.7370     462.8932      15.6717       2.6105
      323      18.6963       3.8985       0.2548       0.0220      10.7374     192.9587      15.6712       3.5405
      324      18.6280      18.2188       0.5399       0.0428      10.7848      11.0772      15.6169      15.2912
      325      18.6189       0.0000       0.0000       0.0000      10.7911       0.0000      15.6097       0.0000
      326      18.5893       0.0000       0.0000       0.0000      10.8118       0.0000      15.5862       0.0000
      327      18.5871      15.6913       4.9406       0.1827      10.8134      13.2604      15.5844      13.2708
      328      18.5582       0.0000       0.0000       0.0000      10.8337       0.0000      15.5614       0.0000
      329      18.4958      13.5855      50.7373       0.8442      10.8777      16.1812      15.5118      11.5749
      330      18.4901      16.4458      16.9038       0.4174      10.8817      12.5311      15.5072      13.8756
      331      18.4383       0.0000       0.0000       0.0000      10.9185       0.0000      15.4660       0.0000
      332      18.3910       0.0000       0.0000       0.0000      10.9524       0.0000      15.4284       0.0000
      333      18.3547       0.0000       0.0000       0.0000      10.9785       0.0000      15.3994       0.0000
      334      18.3176       3.4241       2.2575       0.0931      11.0053     273.8147      15.3699       3.1304
      335      18.2555       1.2795      84.2090       1.0030      11.0504    3146.2906      15.3204       0.2188
      336      18.1980       0.0000       0.0000       0.0000      11.0925       0.0000      15.2747       0.0000
      337      18.1886       0.0000       0.0000       0.0000      11.0994       0.0000      15.2672       0.0000
      338      18.1623       0.0000       0.0000       0.0000      11.1187       0.0000      15.2463       0.0000
      339      18.1548       0.0000       0.0000       0.0000      11.1243       0.0000      15.2403       0.0000
      340      18.1232      15.0055     586.4063       4.3619      11.1476      13.9939      15.2151      12.7198
      341      18.0641      10.6967      65.4680       0.9648      11.1916      23.3345      15.1680       9.2257
      342      18.0604      18.0425       3.4573       0.1465      11.1944      11.2077      15.1651      15.1508
      343      17.9877       3.5081      25.6326       0.4686      11.2489     256.4999      15.1071       3.2032
      344      17.9699       0.0000       0.0000       0.0000      11.2623       0.0000      15.0929       0.0000
      345      17.9578       0.0000       0.0000       0.0000      11.2715       0.0000      15.0833       0.0000
      346      17.9183       0.0000       0.0000       0.0000      11.3014       0.0000      15.0518       0.0000
      347      17.8878      17.7113      54.8814       0.9209      11.3246      11.4607      15.0275      14.8868
      348      17.8709       9.8095       0.2692       0.0244      11.3375      26.9622      15.0141       8.4980
      349      17.8570       0.0000       0.0000       0.0000      11.3481       0.0000      15.0029       0.0000
      350      17.8032       5.4743      10.7667       0.2699      11.3894      88.0108      14.9601       4.8860
      351      17.7668      17.0705       1.4628       0.0816      11.4176      11.9808      14.9310      14.3753
      352      17.7236       0.0000       0.0000       0.0000      11.4511       0.0000      14.8966       0.0000
      353      17.6486       4.5353       3.8396       0.1336      11.5097     134.7692      14.8368       4.0870
      354      17.6198       1.5247       0.4727       0.0315      11.5324    2129.4817      14.8138       0.6438
      355      17.6022       0.0000       0.0000       0.0000      11.5463       0.0000      14.7997       0.0000
      356      17.5993       4.2162       0.2522       0.0216      11.5486     159.4591      14.7974       3.8137
      357      17.5788       0.7295       2.2762       0.0884      11.5648   31130.1603      14.7811       0.0000
      358      17.5567       0.0000       0.0000       0.0000      11.5823       0.0000      14.7635       0.0000
      359      17.5142       0.0000       0.0000       0.0000      11.6162       0.0000      14.7296       0.0000
      360      17.4367       9.6586       6.1804       0.1961      11.6784      27.7630      14.6677       8.3740
      361      17.4360       0.0000       0.0000       0.0000      11.6790       0.0000      14.6671       0.0000
      362      17.4052       0.0000       0.0000       0.0000      11.7039       0.0000      14.6425       0.0000
      363      17.3898       1.4556     577.5925       3.5778      11.7164    2385.2700      14.6302       0.4721
      364      17.3741       6.1125       0.4172       0.0310      11.7291      68.9043      14.6177       5.4250
      365      17.3552      11.3972       1.6101       0.0816      11.7445      21.0743      14.6026       9.7980
      366      17.3047       2.2974     163.7768       1.5646      11.7858     820.9541      14.5623       0.0000
      367      17.3020       2.3951      13.6914       0.2996      11.7881     735.6724      14.5601       0.0000
      368      17.2976       0.0000       0.0000       0.0000      11.7917       0.0000      14.5566       0.0000
      369      17.2601      15.7638       0.2092       0.0219      11.8225      13.1871      14.5267      13.3290
      370      17.1873      10.6159       5.2115       0.1765      11.8828      23.6202      14.4685       9.1596
      371      17.0883      12.7753      45.4566       0.7660      11.9659      17.7032      14.3894      10.9189
      372      17.0727       7.2219     792.4990       4.8081      11.9790      48.0800      14.3770       6.3552
      373      17.0105       7.1074      56.5735       0.8254      12.0317      49.5540      14.3273       6.2595
      374      16.9712       0.0000       0.0000       0.0000      12.0654       0.0000      14.2959       0.0000
      375      16.9504      11.5382       0.2062       0.0207      12.0832      20.6621      14.2792       9.9130
      376      16.8576       9.3475      21.7088       0.4481      12.1634      29.5342      14.2050       8.1178
      377      16.8445       0.0000       0.0000       0.0000      12.1747       0.0000      14.1946       0.0000
      378      16.8300       0.0000       0.0000       0.0000      12.1874       0.0000      14.1830       0.0000
      379      16.7823       0.0000       0.0000       0.0000      12.2291       0.0000      14.1448       0.0000
      380      16.7792      16.0493     467.4969       3.7389      12.2318      12.9050      14.1424      13.5580
      381      16.7557       8.0251       0.1044       0.0125      12.2525      39.3968      14.1236       7.0239
      382      16.7435       0.0000       0.0000       0.0000      12.2632       0.0000      14.1138       0.0000
      383      16.6661       0.0000       0.0000       0.0000      12.3319       0.0000      14.0519       0.0000
      384      16.6504       8.1916       2.3080       0.0988      12.3459      37.8979      14.0393       7.1621
      385      16.6504       0.0000       0.0000       0.0000      12.3459       0.0000      14.0393       0.0000
      386      16.6348       0.0000       0.0000       0.0000      12.3599       0.0000      14.0268       0.0000
      387      16.5210      11.3125     173.0769       1.8245      12.4625      21.3282      13.9358       9.7289
      388      16.5190      13.5422      32.5903       0.6150      12.4643      16.2570      13.9342      11.5398
      389      16.4509       8.4712     186.6472       1.8493      12.5264      35.5698      13.8797       7.3939
      390      16.4079      14.1447     520.9523       3.9236      12.5661      15.2546      13.8452      12.0265
      391      16.3583       9.0106      13.4483       0.3221      12.6119      31.6546      13.8055       7.8400
      392      16.2007       0.0000       0.0000       0.0000      12.7599       0.0000      13.6793       0.0000
      393      16.1039       9.1320     120.7113       1.3888      12.8523      30.8649      13.6017       7.9401
      394      16.0671       1.8827       0.1093       0.0116      12.8878    1304.4542      13.5722       1.6548
      395      16.0471      16.0069       0.4299       0.0351      12.9071      12.9461      13.5562      13.5240
      396      16.0192       7.7116       0.4567       0.0330      12.9342      42.4764      13.5338       6.7633
      397      16.0138       4.1826       3.3104       0.1173      12.9395     162.4282      13.5295       3.7849
      398      16.0112       0.0000       0.0000       0.0000      12.9419       0.0000      13.5275       0.0000
      399      15.9161       0.0000       0.0000       0.0000      13.0352       0.0000      13.4512       0.0000
      400      15.8377      13.7364       0.9496       0.0579      13.1130      15.9221      13.3883      11.6968
      401      15.8083       7.9297      35.8792       0.6061      13.1423      40.2967      13.3647       6.9447
      402      15.7560       0.0000       0.0000       0.0000      13.1948       0.0000      13.3228       0.0000
      403      15.7267       7.9977      26.0059       0.4889      13.2245      39.6522      13.2992       7.0012
      404      15.7141       0.0000       0.0000       0.0000      13.2372       0.0000      13.2892       0.0000
      405      15.7039       0.0000       0.0000       0.0000      13.2476       0.0000      13.2809       0.0000
      406      15.6917       0.8478      33.8867       0.5172      13.2600   16521.6559      13.2712       0.0000
      407      15.6777       0.0000       0.0000       0.0000      13.2743       0.0000      13.2600       0.0000
      408      15.6358       0.0000       0.0000       0.0000      13.3171       0.0000      13.2263       0.0000
      409      15.5719      11.4193       0.5403       0.0386      13.3830      21.0088      13.1750       9.8160
      410      15.5418       0.0000       0.0000       0.0000      13.4142       0.0000      13.1508       0.0000
      411      15.4770       0.0000       0.0000       0.0000      13.4819       0.0000      13.0988       0.0000
      412      15.3953       0.0000       0.0000       0.0000      13.5682       0.0000      13.0332       0.0000
      413      15.3822      13.3838      97.4518       1.2578      13.5820      16.5390      13.0227      11.4117
      414      15.3601       6.7428       6.1705       0.1830      13.6057      55.4179      13.0049       5.9544
      415      15.3378       0.0000       0.0000       0.0000      13.6294       0.0000      12.9870       0.0000
      416      15.3172       0.0000       0.0000       0.0000      13.6516       0.0000      12.9704       0.0000
      417      15.3000       2.0177       6.1788       0.1689      13.6700    1155.7293      12.9567       1.8130
      418      15.2978       0.0000       0.0000       0.0000      13.6724       0.0000      12.9548       0.0000
      419      15.2762       0.0000       0.0000       0.0000      13.6957       0.0000      12.9375       0.0000
      420      15.2424       7.9546       1.2978       0.0658      13.7322      40.0591      12.9104       6.9654
      421      15.2420       7.2782       4.6122       0.1517      13.7327      47.3807      12.9100       6.4021
      422      15.2418      11.2960     223.4498       2.1292      13.7329      21.3782      12.9099       9.7155
      423      15.2106       0.0000       0.0000       0.0000      13.7669       0.0000      12.8848       0.0000
      424      15.1569       4.3446       0.3744       0.0271      13.8256     148.8029      12.8416       3.9238
      425      15.0977       0.0000       0.0000       0.0000      13.8910       0.0000      12.7940       0.0000
      426      15.0850       0.0000       0.0000       0.0000      13.9050       0.0000      12.7838       0.0000
      427      15.0775      13.8659       0.2232       0.0219      13.9133      15.7051      12.7778      11.8015
      428      15.0350       0.0000       0.0000       0.0000      13.9607       0.0000      12.7436       0.0000
      429      15.0278       0.0000       0.0000       0.0000      13.9689       0.0000      12.7378       0.0000
      430      15.0251      14.6423       0.9549       0.0582      13.9719      14.5029      12.7356      12.4275
      431      15.0127       0.0000       0.0000       0.0000      13.9858       0.0000      12.7256       0.0000
      432      15.0088       0.0000       0.0000       0.0000      13.9901       0.0000      12.7225       0.0000
      433      15.0036       0.0000       0.0000       0.0000      13.9959       0.0000      12.7184       0.0000
      434      14.9837       0.0000       0.0000       0.0000      14.0223       0.0000      12.7023       0.0000
      435      14.9689       0.0000       0.0000       0.0000      14.0426       0.0000      12.6904       0.0000
      436      14.9124       3.4023       0.6676       0.0390      14.1204     278.5846      12.6449       3.1114
      437      14.8898       0.0000       0.0000       0.0000      14.1517       0.0000      12.6268       0.0000
      438      14.8853       0.0000       0.0000       0.0000      14.1580       0.0000      12.6232       0.0000
      439      14.8052       0.0000       0.0000       0.0000      14.2701       0.0000      12.5587       0.0000
      440      14.7950      10.8792      15.2289       0.3514      14.2845      22.7090      12.5505       9.3750
      441      14.7744       0.0000       0.0000       0.0000      14.3136       0.0000      12.5339       0.0000
      442      14.7642       0.0000       0.0000       0.0000      14.3280       0.0000      12.5257       0.0000
      443      14.7400       0.0000       0.0000       0.0000      14.3624       0.0000      12.5062       0.0000
      444      14.7261       6.1557       5.2449       0.1611      14.3822      67.8371      12.4951       5.4613
      445      14.6744       0.0000       0.0000       0.0000      14.4564       0.0000      12.4534       0.0000
      446      14.6639      10.5546      22.3441       0.4510      14.4716      23.8409      12.4450       9.1094
      447      14.6591       0.0000       0.0000       0.0000      14.4785       0.0000      12.4411       0.0000
      448      14.6350       0.0000       0.0000       0.0000      14.5134       0.0000      12.4217       0.0000
      449      14.6042       0.0000       0.0000       0.0000      14.5581       0.0000      12.3969       0.0000
      450      14.5582      13.6492     904.4720       5.5190      14.6254      16.0710      12.3599      11.6264
      451      14.5141      10.7662       0.3929       0.0305      14.6904      23.0930      12.3243       9.2826
      452      14.4268       4.6392       0.2508       0.0206      14.8205     127.9074      12.2540       4.1759
      453      14.4205       0.0000       0.0000       0.0000      14.8301       0.0000      12.2488       0.0000
      454      14.4007       0.0000       0.0000       0.0000      14.8599       0.0000      12.2329       0.0000
      455      14.3753       0.0000       0.0000       0.0000      14.8983       0.0000      12.2124       0.0000
      456      14.3626       0.0000       0.0000       0.0000      14.9176       0.0000      12.2022       0.0000
      457      14.3573      10.7540      19.1081       0.4057      14.9255      23.1348      12.1980       9.2726
      458      14.2859       0.0000       0.0000       0.0000      15.0348       0.0000      12.1403       0.0000
      459      14.2684       0.0000       0.0000       0.0000      15.0617       0.0000      12.1262       0.0000
      460      14.2663       0.9559     783.1884       4.0820      15.0650    9960.8500      12.1245       0.0011
      461      14.2478      10.5719      30.0417       0.5465      15.0936      23.7783      12.1096       9.1235
      462      14.2175       1.0888       4.3692       0.1286      15.1406    5816.6786      12.0852       0.2188
      463      14.1829       0.0000       0.0000       0.0000      15.1946       0.0000      12.0573       0.0000
      464      14.1780       0.0000       0.0000       0.0000      15.2023       0.0000      12.0533       0.0000
      465      14.1520       0.0000       0.0000       0.0000      15.2431       0.0000      12.0324       0.0000
      466      14.1459       3.6858      63.9963       0.8103      15.2529     224.4938      12.0274       3.3569
      467      14.0977      10.6355      14.2742       0.3324      15.3291      23.5503      11.9885       9.1756
      468      14.0854       8.7964       8.6439       0.2318      15.3487      33.1264      11.9786       7.6630
      469      14.0764       0.0000       0.0000       0.0000      15.3631       0.0000      11.9713       0.0000
      470      14.0740       0.0000       0.0000       0.0000      15.3668       0.0000      11.9694       0.0000
      471      14.0616       0.0000       0.0000       0.0000      15.3866       0.0000      11.9594       0.0000
      472      14.0481       0.0000       0.0000       0.0000      15.4083       0.0000      11.9485       0.0000
      473      14.0106       4.6165     133.3454       1.3412      15.4687     129.3633      11.9182       4.1565
      474      13.9379       0.0000       0.0000       0.0000      15.5867       0.0000      11.8596       0.0000
      475      13.9249      10.4804     155.9383       1.6291      15.6080      24.1128      11.8490       9.0486
      476      13.8957       9.6184       2.3324       0.0977      15.6559      27.9830      11.8255       8.3409
      477      13.8282       7.1471       3.2804       0.1180      15.7678      49.0353      11.7710       6.2927
      478      13.8073       0.0000       0.0000       0.0000      15.8027       0.0000      11.7541       0.0000
      479      13.7576       0.0000       0.0000       0.0000      15.8862       0.0000      11.7140       0.0000
      480      13.7544       3.3600      18.5706       0.3503      15.8916     288.1434      11.7114       3.0747
      481      13.7469       5.0876     113.1893       1.2069      15.9042     103.5484      11.7053       4.5580
      482      13.6883       0.0000       0.0000       0.0000      16.0040       0.0000      11.6579       0.0000
      483      13.6805       2.5751       2.7863       0.0972      16.0173     604.0434      11.6516       2.3887
      484      13.6757       0.0000       0.0000       0.0000      16.0255       0.0000      11.6478       0.0000
      485      13.6373      10.9547     217.1815       2.0368      16.0915      22.4580      11.6167       9.4367
      486      13.6303       8.9631       0.3143       0.0253      16.1035      31.9724      11.6111       7.8007
      487      13.6244       8.6592     303.8352       2.4654      16.1138      34.1253      11.6063       7.5495
      488      13.6120       4.2276       1.3015       0.0604      16.1352     158.4661      11.5963       3.8235
      489      13.6076       0.0000       0.0000       0.0000      16.1429       0.0000      11.5927       0.0000
      490      13.5805       1.9467      50.2683       0.6587      16.1900    1235.6717      11.5708       1.7281
      491      13.5695       0.0000       0.0000       0.0000      16.2093       0.0000      11.5619       0.0000
      492      13.5314       3.4014      92.7981       1.0203      16.2759     278.7877      11.5312       3.1106
      493      13.5173       2.1148     767.1478       4.0619      16.3007    1021.1109      11.5198       1.9434
      494      13.5120       0.0000       0.0000       0.0000      16.3102       0.0000      11.5154       0.0000
      495      13.5051       6.6071       2.7506       0.1035      16.3224      57.9758      11.5098       5.8407
      496      13.5042       0.0000       0.0000       0.0000      16.3238       0.0000      11.5092       0.0000
      497      13.4889       0.0000       0.0000       0.0000      16.3510       0.0000      11.4968       0.0000
      498      13.4793       9.8616       5.0078       0.1622      16.3680      26.6938      11.4890       8.5408
      499      13.4750       0.0000       0.0000       0.0000      16.3757       0.0000      11.4855       0.0000
      500      13.4686       0.0000       0.0000       0.0000      16.3870       0.0000      11.4804       0.0000
      501      13.4309       3.9347       7.2570       0.1882      16.4543     188.2154      11.4498       3.5717
      502      13.4103       5.4889       0.6089       0.0371      16.4913      87.4910      11.4332       4.8984
      503      13.3982       8.7887     229.2315       2.0403      16.5130      33.1814      11.4234       7.6566
      504      13.3848      11.2856       1.2019       0.0638      16.5372      21.4099      11.4126       9.7070
      505      13.3757       0.0000       0.0000       0.0000      16.5536       0.0000      11.4052       0.0000
      506      13.3750       0.0000       0.0000       0.0000      16.5550       0.0000      11.4046       0.0000
      507      13.3535       2.6125     100.2660       1.0535      16.5939     579.7454      11.3872       2.4217
      508      13.3509       1.4390       1.2101       0.0540      16.5986    2444.5129      11.3851       0.4374
      509      13.3495       5.2654      21.3279       0.3951      16.6011      95.9496      11.3840       4.7089
      510      13.3268       0.0000       0.0000       0.0000      16.6425       0.0000      11.3656       0.0000
      511      13.3182       0.0000       0.0000       0.0000      16.6582       0.0000      11.3587       0.0000
      512      13.3084       8.8070       3.8319       0.1332      16.6762      33.0511      11.3507       7.6718
      513      13.2740       0.0000       0.0000       0.0000      16.7395       0.0000      11.3229       0.0000
      514      13.2593       0.0000       0.0000       0.0000      16.7665       0.0000      11.3110       0.0000
      515      13.2507       0.0000       0.0000       0.0000      16.7825       0.0000      11.3040       0.0000
      516      13.2294       0.0000       0.0000       0.0000      16.8221       0.0000      11.2867       0.0000
      517      13.1961       7.6059       2.9798       0.1104      16.8840      43.5989      11.2598       6.6753
      518      13.1650      12.3631     620.5891       4.1529      16.9424      18.5727      11.2346      10.5843
      519      13.1443       0.7044       0.2842       0.0201      16.9814   36091.4243      11.2179       0.0000
      520      13.1319       2.0032      48.3044       0.6360      17.0048    1177.8730      11.2079       1.7938
      521      13.1069       6.0849       2.8377       0.1040      17.0523      69.5998      11.1876       5.4017
      522      13.1063       0.0000       0.0000       0.0000      17.0534       0.0000      11.1871       0.0000
      523      13.0875       0.0000       0.0000       0.0000      17.0894       0.0000      11.1718       0.0000
      524      13.0668       8.5971       0.1108       0.0125      17.1289      34.5922      11.1551       7.4981
      525      13.0331       0.6163       2.6605       0.0890      17.1936   63408.2372      11.1278       0.0000
      526      13.0064       0.0000       0.0000       0.0000      17.2453       0.0000      11.1062       0.0000
      527      12.9964      12.1340       4.8892       0.1636      17.2646      19.0877      11.0981      10.3981
      528      12.9959       9.8341      63.3774       0.8742      17.2657      26.8345      11.0977       8.5183
      529      12.9554      10.2265       1.7285       0.0796      17.3446      25.0813      11.0649       8.8405
      530      12.9454       0.9018      33.7682       0.4863      17.3641   12731.5006      11.0568       0.0000
      531      12.9369       0.0000       0.0000       0.0000      17.3809       0.0000      11.0499       0.0000
      532      12.9121       0.0000       0.0000       0.0000      17.4297       0.0000      11.0298       0.0000
      533      12.9044       0.0000       0.0000       0.0000      17.4449       0.0000      11.0235       0.0000
      534      12.8996       8.1110       0.5198       0.0346      17.4544      38.6121      11.0196       7.0953
      535      12.8933       0.0000       0.0000       0.0000      17.4669       0.0000      11.0145       0.0000
      536      12.8684      11.0124      12.7739       0.3051      17.5163      22.2693      10.9943       9.4839
      537      12.8650       0.0000       0.0000       0.0000      17.5230       0.0000      10.9916       0.0000
      538      12.8510       1.4756       4.5871       0.1300      17.5510    2316.1355      10.9802       0.5173
      539      12.8472       0.0000       0.0000       0.0000      17.5585       0.0000      10.9772       0.0000
      540      12.8450      10.7650     870.8419       5.0714      17.5629      23.0970      10.9754       9.2816
      541      12.8036       3.1422     979.8510       4.8135      17.6460     345.2337      10.9418       2.8853
      542      12.7773       3.6091      43.0367       0.6047      17.6992     237.5892      10.9205       3.2906
      543      12.7756      11.8817      44.1829       0.7052      17.7025      19.7111      10.9191      10.1928
      544      12.7217       7.3680      71.5568       0.9083      17.8124      46.2960      10.8754       6.4770
      545      12.7038       0.0000       0.0000       0.0000      17.8491       0.0000      10.8609       0.0000
      546      12.6999       0.0000       0.0000       0.0000      17.8571       0.0000      10.8577       0.0000
      547      12.6991       2.2121       0.1190       0.0115      17.8588     907.0510      10.8570       0.0000
      548      12.6735       8.2770      10.7622       0.2605      17.9114      37.1621      10.8363       7.2330
      549      12.6428       0.0000       0.0000       0.0000      17.9752       0.0000      10.8113       0.0000
      550      12.6048       0.0000       0.0000       0.0000      18.0544       0.0000      10.7805       0.0000
      551      12.5833      10.7056       2.3936       0.0991      18.0994      23.3031      10.7631       9.2330
      552      12.5788      12.0031       3.2741       0.1243      18.1089      19.3927      10.7595      10.2916
      553      12.5752       0.0000       0.0000       0.0000      18.1166       0.0000      10.7565       0.0000
      554      12.5545       0.0000       0.0000       0.0000      18.1602       0.0000      10.7397       0.0000
      555      12.5512       3.6071      39.0551       0.5641      18.1672     237.9406      10.7370       3.2889
      556      12.5453       9.3497       0.3716       0.0280      18.1797      29.5210      10.7322       8.1197
      557      12.5198       0.0000       0.0000       0.0000      18.2339       0.0000      10.7115       0.0000
      558      12.5109       0.0000       0.0000       0.0000      18.2528       0.0000      10.7043       0.0000
      559      12.4734       0.0000       0.0000       0.0000      18.3332       0.0000      10.6738       0.0000
      560      12.4089       0.0000       0.0000       0.0000      18.4725       0.0000      10.6215       0.0000
      561      12.4021       6.7942       0.2399       0.0200      18.4875      54.4914      10.6159       5.9975
      562      12.3816       7.2721      45.3660       0.6654      18.5322      47.4556      10.5993       6.3970
      563      12.3548       0.0000       0.0000       0.0000      18.5909       0.0000      10.5776       0.0000
      564      12.3519       0.0000       0.0000       0.0000      18.5974       0.0000      10.5752       0.0000
      565      12.3410       0.0000       0.0000       0.0000      18.6214       0.0000      10.5663       0.0000
      566      12.2616       0.0000       0.0000       0.0000      18.7980       0.0000      10.5018       0.0000
      567      12.2508       0.0000       0.0000       0.0000      18.8222       0.0000      10.4930       0.0000
      568      12.2405       9.9272       6.3753       0.1872      18.8454      26.3612      10.4846       8.5948
      569      12.2177       0.0000       0.0000       0.0000      18.8968       0.0000      10.4661       0.0000
      570      12.2046       0.0000       0.0000       0.0000      18.9265       0.0000      10.4555       0.0000
      571      12.1805       4.4868       3.9715       0.1242      18.9811     138.1473      10.4359       4.0456
      572      12.1390       6.2982       6.4444       0.1773      19.0762      64.4766      10.4021       5.5812
      573      12.1177       5.0953      60.4423       0.7709      19.1253     103.2034      10.3848       4.5645
      574      12.0590       4.2682       0.1247       0.0123      19.2614     155.0148      10.3371       3.8583
      575      11.9936       0.0000       0.0000       0.0000      19.4167       0.0000      10.2839       0.0000
      576      11.9648       3.9730     161.1511       1.4447      19.4916     183.3615      10.2605       3.6046
      577      11.9413       0.9640       0.2566       0.0184      19.5534    9612.4911      10.2413       0.0020
      578      11.9303       0.0000       0.0000       0.0000      19.5823       0.0000      10.2324       0.0000
      579      11.8638       6.2436       0.5501       0.0342      19.7589      65.7348      10.1783       5.5353
      580      11.8496       0.0000       0.0000       0.0000      19.7969       0.0000      10.1667       0.0000
      581      11.8495       0.0000       0.0000       0.0000      19.7972       0.0000      10.1666       0.0000
      582      11.8087       5.3445       0.1703       0.0154      19.9071      92.8277      10.1334       4.7760
      583      11.7881       3.8509      33.2739       0.5015      19.9631     199.4702      10.1166       3.4994
      584      11.7801       0.0000       0.0000       0.0000      19.9850       0.0000      10.1101       0.0000
      585      11.7567       2.3826       0.1163       0.0112      20.0490     745.9018      10.0910       0.0000
      586      11.6959       0.0000       0.0000       0.0000      20.2166       0.0000      10.0415       0.0000
      587      11.6951       0.0000       0.0000       0.0000      20.2187       0.0000      10.0409       0.0000
      588      11.6822       0.0000       0.0000       0.0000      20.2545       0.0000      10.0304       0.0000
      589      11.6653       6.8087       1.2941       0.0609      20.3017      54.2341      10.0166       6.0096
      590      11.6628       0.7506     533.0968       2.9510      20.3087   27602.9585      10.0146       0.0000
      591      11.6520       0.0000       0.0000       0.0000      20.3389       0.0000      10.0058       0.0000
      592      11.6196       7.5065       5.6043       0.1636      20.4302      44.6952       9.9793       6.5925
      593      11.6056       0.0000       0.0000       0.0000      20.4696       0.0000       9.9680       0.0000
      594      11.5997       6.7352       1.5891       0.0696      20.4863      55.5567       9.9632       5.9481
      595      11.5913      10.2478       0.1172       0.0130      20.5103      24.9976       9.9563       8.8579
      596      11.5747       0.0000       0.0000       0.0000      20.5575       0.0000       9.9428       0.0000
      597      11.5547       0.0000       0.0000       0.0000      20.6148       0.0000       9.9265       0.0000
      598      11.5199       3.5701       2.4780       0.0877      20.7149     244.6589       9.8981       3.2569
      599      11.5114       0.0000       0.0000       0.0000      20.7393       0.0000       9.8912       0.0000
      600      11.5106       9.4987       0.2475       0.0211      20.7417      28.6526       9.8905       8.2424
      601      11.4848       0.0000       0.0000       0.0000      20.8166       0.0000       9.8695       0.0000
      602      11.4842       0.0000       0.0000       0.0000      20.8183       0.0000       9.8690       0.0000
      603      11.4784       0.0000       0.0000       0.0000      20.8351       0.0000       9.8643       0.0000
      604      11.4438       0.0000       0.0000       0.0000      20.9365       0.0000       9.8361       0.0000
      605      11.4281       0.0000       0.0000       0.0000      20.9826       0.0000       9.8233       0.0000
      606      11.4150       0.0000       0.0000       0.0000      21.0215       0.0000       9.8125       0.0000
      607      11.4137       0.0000       0.0000       0.0000      21.0252       0.0000       9.8115       0.0000
      608      11.4097       0.0000       0.0000       0.0000      21.0372       0.0000       9.8082       0.0000
      609      11.3971       0.0000       0.0000       0.0000      21.0745       0.0000       9.7979       0.0000
      610      11.3906       5.4074       8.9478       0.2140      21.0939      90.4471       9.7926       4.8293
      611      11.3809       8.3824       0.6932       0.0411      21.1227      36.2846       9.7847       7.3204
      612      11.3737       0.0000       0.0000       0.0000      21.1441       0.0000       9.7789       0.0000
      613      11.3648       5.5546     583.0269       3.4732      21.1706      85.2124       9.7716       4.9540
      614      11.3612       5.5281       0.4680       0.0300      21.1816      86.1226       9.7686       4.9315
      615      11.3610       0.0000       0.0000       0.0000      21.1822       0.0000       9.7685       0.0000
      616      11.3313      10.1707       9.3240       0.2388      21.2713      25.3027       9.7443       8.7947
      617      11.3226       0.0000       0.0000       0.0000      21.2976       0.0000       9.7372       0.0000
      618      11.3225      10.8013      18.4323       0.3797      21.2981      22.9727       9.7371       9.3112
      619      11.3035       0.0000       0.0000       0.0000      21.3554       0.0000       9.7216       0.0000
      620      11.2998       0.0000       0.0000       0.0000      21.3668       0.0000       9.7185       0.0000
      621      11.2820       0.0000       0.0000       0.0000      21.4209       0.0000       9.7040       0.0000
      622      11.2697       9.9298       5.4504       0.1662      21.4585      26.3482       9.6940       8.5969
      623      11.2613       0.0000       0.0000       0.0000      21.4840       0.0000       9.6872       0.0000
      624      11.2299       0.0000       0.0000       0.0000      21.5807       0.0000       9.6615       0.0000
      625      11.2287       0.0000       0.0000       0.0000      21.5843       0.0000       9.6606       0.0000
      626      11.2202       0.0000       0.0000       0.0000      21.6107       0.0000       9.6536       0.0000
      627      11.2122       0.0000       0.0000       0.0000      21.6354       0.0000       9.6471       0.0000
      628      11.2121       0.0000       0.0000       0.0000      21.6357       0.0000       9.6470       0.0000
      629      11.1938       2.6127       9.5334       0.2091      21.6926     579.6381       9.6320       2.4218
      630      11.1911       5.2459       0.9999       0.0493      21.7011      96.7442       9.6298       4.6923
      631      11.1740       6.1566       3.1223       0.1072      21.7545      67.8152       9.6158       5.4621
      632      11.1725       0.0000       0.0000       0.0000      21.7592       0.0000       9.6146       0.0000
      633      11.1621       5.9618       1.0969       0.0531      21.7916      72.8313       9.6062       5.2979
      634      11.1532       9.6835      17.1684       0.3550      21.8196      27.6285       9.5989       8.3944
      635      11.1467       0.0000       0.0000       0.0000      21.8400       0.0000       9.5936       0.0000
      636      11.1454       8.2853      23.8341       0.4316      21.8441      37.0922       9.5925       7.2399
      637      11.1450       9.4516       0.2221       0.0195      21.8455      28.9227       9.5922       8.2036
      638      11.1439       0.0000       0.0000       0.0000      21.8487       0.0000       9.5913       0.0000
      639      11.1387       6.4959       0.1593       0.0148      21.8653      60.2022       9.5870       5.7473
      640      11.1313       0.0000       0.0000       0.0000      21.8885       0.0000       9.5810       0.0000
      641      11.1048       4.8983       0.1409       0.0132      21.9726     112.8416       9.5593       4.3969
      642      11.0956       0.0000       0.0000       0.0000      22.0019       0.0000       9.5518       0.0000
      643      11.0897       0.0000       0.0000       0.0000      22.0207       0.0000       9.5470       0.0000
      644      11.0807       4.3942     119.4591       1.1717      22.0493     144.9532       9.5397       3.9664
      645      11.0751       0.0000       0.0000       0.0000      22.0672       0.0000       9.5351       0.0000
      646      11.0665       0.0000       0.0000       0.0000      22.0948       0.0000       9.5281       0.0000
      647      11.0327       0.0000       0.0000       0.0000      22.2036       0.0000       9.5004       0.0000
      648      11.0284       0.0000       0.0000       0.0000      22.2174       0.0000       9.4970       0.0000
      649      11.0048       0.0000       0.0000       0.0000      22.2940       0.0000       9.4777       0.0000
      650      11.0018       3.9809      13.2959       0.2682      22.3037     182.3839       9.4752       3.6114
      651      10.9994       4.7965     261.7992       1.9905      22.3116     118.4447       9.4733       4.3101
      652      10.9992       9.8527       6.0758       0.1777      22.3124      26.7389       9.4731       8.5336
      653      10.9967       6.0402     129.6877       1.2780      22.3206      70.7493       9.4710       5.3640
      654      10.9810       0.0000       0.0000       0.0000      22.3718       0.0000       9.4582       0.0000
      655      10.9578       5.6116       0.4095       0.0273      22.4479      83.3025       9.4392       5.0022
      656      10.9255       0.0000       0.0000       0.0000      22.5544       0.0000       9.4129       0.0000
      657      10.9031       7.3209      49.3153       0.6860      22.6289      46.8591       9.3946       6.4378
      658      10.8850       0.0000       0.0000       0.0000      22.6893       0.0000       9.3798       0.0000
      659      10.8782       8.2917       0.1136       0.0122      22.7121      37.0384       9.3742       7.2452
      660      10.8774      10.5005       0.2770       0.0229      22.7150      24.0386       9.3735       9.0651
      661      10.8755       0.0000       0.0000       0.0000      22.7212       0.0000       9.3720       0.0000
      662      10.8616      10.7911     153.8221       1.5512      22.7680      23.0074       9.3606       9.3029
      663      10.8611       1.4468      16.9734       0.2956      22.7697    2416.3088       9.3602       0.4535
      664      10.8420       0.0000       0.0000       0.0000      22.8342       0.0000       9.3446       0.0000
      665      10.8345       0.0000       0.0000       0.0000      22.8594       0.0000       9.3385       0.0000
      666      10.8300       0.0000       0.0000       0.0000      22.8748       0.0000       9.3348       0.0000
      667      10.8253       0.0000       0.0000       0.0000      22.8907       0.0000       9.3309       0.0000
      668      10.8128       0.0000       0.0000       0.0000      22.9334       0.0000       9.3207       0.0000
      669      10.8047       0.0000       0.0000       0.0000      22.9610       0.0000       9.3140       0.0000
      670      10.8030       0.0000       0.0000       0.0000      22.9668       0.0000       9.3126       0.0000
      671      10.7991       0.0000       0.0000       0.0000      22.9800       0.0000       9.3095       0.0000
      672      10.7953       3.4605       6.1723       0.1582      22.9931     266.1313       9.3064       3.1619
      673      10.7935       2.0089       1.4530       0.0582      22.9990    1169.0924       9.3049       1.8014
      674      10.7879       9.3570       2.8935       0.1071      23.0182      29.4779       9.3004       8.1256
      675      10.7865       6.1328       0.1320       0.0129      23.0231      68.4004       9.2992       5.4420
      676      10.7834       7.0564      30.2238       0.4915      23.0339      50.2331       9.2966       6.2169
      677      10.7782       0.0000       0.0000       0.0000      23.0516       0.0000       9.2924       0.0000
      678      10.7486       0.0000       0.0000       0.0000      23.1535       0.0000       9.2682       0.0000
      679      10.7269       2.2215      25.7868       0.3973      23.2289     896.9647       9.2504       0.0000
      680      10.7149       6.5941     143.0091       1.3713      23.2709      58.2311       9.2406       5.8297
      681      10.6764       8.2741       0.5164       0.0333      23.4056      37.1872       9.2091       7.2306
      682      10.6542       0.0000       0.0000       0.0000      23.4840       0.0000       9.1909       0.0000
      683      10.6520       5.9442      12.1965       0.2620      23.4920      73.3090       9.1891       5.2831
      684      10.6503       3.7398       1.9135       0.0727      23.4979     215.8536       9.1877       3.4036
      685      10.6366       6.4804       1.4472       0.0639      23.5465      60.5210       9.1765       5.7344
      686      10.6133       4.7815     975.0427       4.7418      23.6296     119.3028       9.1574       4.2973
      687      10.6063       1.9848     712.6267       3.5981      23.6547    1197.5746       9.1517       1.7720
      688      10.6048       0.0000       0.0000       0.0000      23.6601       0.0000       9.1504       0.0000
      689      10.5828       4.6487      70.6966       0.8216      23.7392     127.3041       9.1324       4.1840
      690      10.5661       0.0000       0.0000       0.0000      23.7992       0.0000       9.1188       0.0000
      691      10.5546       0.6201      45.3395       0.5511      23.8411   61751.2449       9.1093       0.0000
      692      10.5429       9.2801       2.4747       0.0960      23.8833      29.9406       9.0998       8.0623
      693      10.5254       0.0000       0.0000       0.0000      23.9471       0.0000       9.0855       0.0000
      694      10.5214       0.0000       0.0000       0.0000      23.9619       0.0000       9.0822       0.0000
      695      10.5127       1.0362       6.9183       0.1591      23.9938    7121.6979       9.0750       0.2188
      696      10.5057       0.0000       0.0000       0.0000      24.0195       0.0000       9.0693       0.0000
      697      10.5052       0.0000       0.0000       0.0000      24.0214       0.0000       9.0689       0.0000
      698      10.4964       1.5206       0.2382       0.0171      24.0537    2146.8634       9.0617       0.6322
      699      10.4942       9.4567     240.3515       2.0325      24.0619      28.8934       9.0599       8.2078
      700      10.4935       0.0000       0.0000       0.0000      24.0644       0.0000       9.0593       0.0000
      701      10.4842       1.9547       0.3754       0.0234      24.0985    1227.5533       9.0517       1.7373
      702      10.4412       0.0000       0.0000       0.0000      24.2582       0.0000       9.0165       0.0000
      703      10.4366       0.0000       0.0000       0.0000      24.2753       0.0000       9.0127       0.0000
      704      10.4126       2.3427       5.7084       0.1447      24.3652     779.8113       8.9931       0.0000
      705      10.3984       2.1792       0.4667       0.0271      24.4187     943.4818       8.9814       0.0000
      706      10.3666       0.0000       0.0000       0.0000      24.5391       0.0000       8.9554       0.0000
      707      10.3627       0.0000       0.0000       0.0000      24.5539       0.0000       8.9522       0.0000
      708      10.3495       0.0000       0.0000       0.0000      24.6043       0.0000       8.9413       0.0000
      709      10.3420       2.8361     961.6751       4.4611      24.6328     458.9747       8.9352       2.6179
      710      10.3410       0.0000       0.0000       0.0000      24.6369       0.0000       8.9343       0.0000
      711      10.3352       4.6542     384.5810       2.5277      24.6589     126.9628       8.9296       4.1886
      712      10.3315       3.2538       4.1484       0.1194      24.6731     314.2182       8.9266       2.9824
      713      10.2911       0.0000       0.0000       0.0000      24.8290       0.0000       8.8934       0.0000
      714      10.2906       0.0000       0.0000       0.0000      24.8310       0.0000       8.8930       0.0000
      715      10.2777       0.0000       0.0000       0.0000      24.8808       0.0000       8.8825       0.0000
      716      10.2643       3.4676       2.8948       0.0943      24.9330     264.6486       8.8715       3.1681
      717      10.2637       0.0000       0.0000       0.0000      24.9354       0.0000       8.8710       0.0000
      718      10.2239       0.0000       0.0000       0.0000      25.0916       0.0000       8.8383       0.0000
      719      10.2144       1.1999     141.2667       1.1839      25.1293    3910.0459       8.8305       0.2188
      720      10.2125       0.0000       0.0000       0.0000      25.1367       0.0000       8.8290       0.0000
      721      10.2068       0.0000       0.0000       0.0000      25.1593       0.0000       8.8243       0.0000
      722      10.1935       0.0000       0.0000       0.0000      25.2120       0.0000       8.8134       0.0000
      723      10.1722       8.1360      16.4141       0.3300      25.2966      38.3884       8.7959       7.1160
      724      10.1670       0.0000       0.0000       0.0000      25.3174       0.0000       8.7917       0.0000
      725      10.1404       3.6325     208.4126       1.6334      25.4242     233.4816       8.7698       3.3109
      726      10.1250       9.4280     115.4340       1.2381      25.4864      29.0597       8.7572       8.1842
      727      10.1162       3.6815     428.0205       2.6407      25.5220     225.1927       8.7500       3.3533
      728      10.1125       0.0000       0.0000       0.0000      25.5370       0.0000       8.7469       0.0000
      729      10.1081       6.8031       0.4385       0.0287      25.5549      54.3336       8.7433       6.0049
      730      10.1045       4.4170       0.1603       0.0140      25.5697     143.2370       8.7403       3.9858
      731      10.1037       0.0000       0.0000       0.0000      25.5727       0.0000       8.7397       0.0000
      732      10.0987       0.0000       0.0000       0.0000      25.5931       0.0000       8.7356       0.0000
      733      10.0933       3.7386      13.2259       0.2602      25.6151     216.0472       8.7312       3.4025
      734      10.0899       0.0000       0.0000       0.0000      25.6291       0.0000       8.7284       0.0000
      735      10.0857       3.9592       0.3925       0.0251      25.6461     185.0837       8.7249       3.5928
      736      10.0718       9.9849       0.3030       0.0238      25.7030      26.0742       8.7135       8.6422
      737      10.0706       1.9910      11.5094       0.2266      25.7078    1191.4690       8.7125       1.7792
      738      10.0702       8.8953       0.1226       0.0128      25.7096      32.4340       8.7122       7.7448
      739      10.0584       0.0000       0.0000       0.0000      25.7581       0.0000       8.7025       0.0000
      740      10.0180       9.8170       1.9589       0.0822      25.9252      26.9230       8.6693       8.5042
      741      10.0179       2.6491       0.9241       0.0429      25.9256     557.2488       8.6692       2.4539
      742      10.0079       5.7461      18.1526       0.3357      25.9669      79.0382       8.6611       5.1159
      743       9.9884       0.0000       0.0000       0.0000      26.0570       0.0000       8.6451       0.0000
      744       9.9824       0.0000       0.0000       0.0000      26.0868       0.0000       8.6401       0.0000
      745       9.9610       0.0000       0.0000       0.0000      26.1926       0.0000       8.6225       0.0000
      746       9.9597       5.2359       1.7596       0.0700      26.1989      97.1530       8.6215       4.6839
      747       9.9563       2.0727       0.1945       0.0149      26.2162    1076.6487       8.6186       1.8866
      748       9.9481       1.5113       1.1983       0.0493      26.2570    2186.6233       8.6119       0.6067
      749       9.9375       1.2458       0.3914       0.0232      26.3099    3353.0313       8.6032       0.2188
      750       9.9339       0.0000       0.0000       0.0000      26.3279       0.0000       8.6002       0.0000
      751       9.9181       0.0000       0.0000       0.0000      26.4068       0.0000       8.5873       0.0000
      752       9.9179       0.0000       0.0000       0.0000      26.4078       0.0000       8.5872       0.0000
      753       9.9007       1.0460     103.3792       0.9481      26.4948    6852.4669       8.5730       0.2188
      754       9.8948       0.0000       0.0000       0.0000      26.5246       0.0000       8.5682       0.0000
      755       9.8947       3.5251     382.5586       2.4276      26.5253     253.1712       8.5680       3.2179
      756       9.8880       0.6438     269.0171       1.7708      26.5590   52750.2223       8.5626       0.0000
      757       9.8872       6.0492       0.1595       0.0143      26.5631      70.5162       8.5619       5.3716
      758       9.8839       0.0000       0.0000       0.0000      26.5797       0.0000       8.5592       0.0000
      759       9.8756       2.1441     586.5310       3.1115      26.6222     984.7155       8.5524       1.9834
      760       9.8575       8.6085       0.1108       0.0118      26.7147      34.5060       8.5375       7.5076
      761       9.8502       8.5664       1.2608       0.0597      26.7522      34.8265       8.5315       7.4728
      762       9.8458       0.0000       0.0000       0.0000      26.7744       0.0000       8.5279       0.0000
      763       9.8421       0.0000       0.0000       0.0000      26.7938       0.0000       8.5248       0.0000
      764       9.8385       2.4214     600.6675       3.1822      26.8118     714.8123       8.5219       0.0000
      765       9.8201       4.6993       0.4730       0.0287      26.9070     124.1669       8.5068       4.2272
      766       9.8185       3.5830       0.1188       0.0111      26.9151     242.2933       8.5055       3.2680
      767       9.8134       1.8946      11.8453       0.2287      26.9416    1291.2155       8.5013       1.6684
      768       9.8119       4.2123       0.2788       0.0200      26.9495     159.8033       8.5000       3.8103
      769       9.8081       0.0000       0.0000       0.0000      26.9691       0.0000       8.4969       0.0000
      770       9.7970       6.0687       0.3926       0.0261      27.0269      70.0130       8.4878       5.3881
      771       9.7943       1.9983      66.7081       0.7258      27.0412    1184.5090       8.4855       1.7876
      772       9.7740       0.8476     288.3112       1.8597      27.1473   16534.9491       8.4689       0.0000
      773       9.7654       9.3285      66.2559       0.8484      27.1925      29.6479       8.4618       8.1022
      774       9.7580       0.0000       0.0000       0.0000      27.2312       0.0000       8.4557       0.0000
      775       9.7531       7.3414       4.8724       0.1435      27.2572      46.6126       8.4517       6.4549
      776       9.7420       0.0000       0.0000       0.0000      27.3158       0.0000       8.4426       0.0000
      777       9.7304       3.3565       4.1886       0.1187      27.3775     288.9467       8.4330       3.0717
      778       9.7075       7.5700       1.4114       0.0631      27.4993      43.9896       8.4142       6.6455
      779       9.6927       0.0000       0.0000       0.0000      27.5790       0.0000       8.4020       0.0000
      780       9.6884       8.9032     669.9460       3.9319      27.6022      32.3799       8.3985       7.7513
      781       9.6800       4.8168     328.2017       2.2490      27.6473     117.2937       8.3916       4.3274
      782       9.6611       0.0000       0.0000       0.0000      27.7498       0.0000       8.3760       0.0000
      783       9.6063       0.0000       0.0000       0.0000      28.0494       0.0000       8.3309       0.0000
      784       9.5961       0.0000       0.0000       0.0000      28.1055       0.0000       8.3226       0.0000
      785       9.5888       0.0000       0.0000       0.0000      28.1459       0.0000       8.3166       0.0000
      786       9.5818       0.0000       0.0000       0.0000      28.1852       0.0000       8.3107       0.0000
      787       9.5805       7.3326     161.9810       1.4786      28.1920      46.7191       8.3097       6.4475
      788       9.5796       0.0000       0.0000       0.0000      28.1970       0.0000       8.3090       0.0000
      789       9.5634       0.0000       0.0000       0.0000      28.2873       0.0000       8.2957       0.0000
      790       9.5615       9.3667      22.5383       0.4122      28.2981      29.4203       8.2941       8.1336
      791       9.5600       0.0000       0.0000       0.0000      28.3068       0.0000       8.2928       0.0000
      792       9.5470       0.0000       0.0000       0.0000      28.3794       0.0000       8.2821       0.0000
      793       9.5238       0.0000       0.0000       0.0000      28.5103       0.0000       8.2630       0.0000
      794       9.5194       8.2379       0.2807       0.0217      28.5350      37.4961       8.2594       7.2006
      795       9.5151       2.2879      11.2037       0.2210      28.5592     830.0043       8.2559       0.0000
      796       9.5115       9.4235      21.9135       0.4046      28.5799      29.0858       8.2529       8.1805
      797       9.5048       7.2873     279.2385       2.1208      28.6177      47.2693       8.2474       6.4097
      798       9.4886       1.5939       2.4806       0.0792      28.7102    1865.4170       8.2341       0.8657
      799       9.4809       0.0000       0.0000       0.0000      28.7544       0.0000       8.2277       0.0000
      800       9.4800       5.0878     287.1212       2.0605      28.7596     103.5399       8.2269       4.5581
      801       9.4758       4.3503       0.5840       0.0325      28.7838     148.3504       8.2235       3.9287
      802       9.4689       8.8384       0.1060       0.0114      28.8231      32.8297       8.2178       7.6977
      803       9.4672       5.4079       0.4503       0.0280      28.8329      90.4275       8.2164       4.8298
      804       9.4638       0.0000       0.0000       0.0000      28.8527       0.0000       8.2136       0.0000
      805       9.4431       0.0000       0.0000       0.0000      28.9718       0.0000       8.1966       0.0000
      806       9.4328       0.0000       0.0000       0.0000      29.0317       0.0000       8.1881       0.0000
      807       9.4254       0.0000       0.0000       0.0000      29.0749       0.0000       8.1820       0.0000
      808       9.4192       0.0000       0.0000       0.0000      29.1111       0.0000       8.1769       0.0000
      809       9.4074       0.0000       0.0000       0.0000      29.1804       0.0000       8.1671       0.0000
      810       9.3936       0.0000       0.0000       0.0000      29.2609       0.0000       8.1558       0.0000
      811       9.3889       0.0000       0.0000       0.0000      29.2887       0.0000       8.1520       0.0000
      812       9.3694       1.1155       0.8265       0.0374      29.4040    5268.0951       8.1359       0.2188
      813       9.3476       0.0000       0.0000       0.0000      29.5337       0.0000       8.1179       0.0000
      814       9.3454       0.0000       0.0000       0.0000      29.5468       0.0000       8.1161       0.0000
      815       9.3307       0.0000       0.0000       0.0000      29.6349       0.0000       8.1040       0.0000
      816       9.3198       4.4507       0.2816       0.0200      29.7002     140.7491       8.0950       4.0147
      817       9.3036       3.8045       0.5211       0.0296      29.7984     206.0906       8.0816       3.4595
      818       9.2965       0.0000       0.0000       0.0000      29.8412       0.0000       8.0758       0.0000
      819       9.2905       2.4471     458.0762       2.6179      29.8777     695.2240       8.0708       0.0000
      820       9.2871       7.5863     580.4001       3.4596      29.8981      43.8113       8.0681       6.6590
      821       9.2679       0.0000       0.0000       0.0000      30.0153       0.0000       8.0522       0.0000
      822       9.2613       8.9799       0.5851       0.0357      30.0557      31.8597       8.0468       7.8146
      823       9.2598       0.0000       0.0000       0.0000      30.0650       0.0000       8.0455       0.0000
      824       9.2325       0.0000       0.0000       0.0000      30.2329       0.0000       8.0230       0.0000
      825       9.2229       7.0100      40.9459       0.5831      30.2923      50.8633       8.0151       6.1780
      826       9.1893       2.4437     100.9277       0.9522      30.5021     697.7792       7.9874       0.0000
      827       9.1812       6.4142       0.5786       0.0336      30.5530      61.9171       7.9807       5.6787
      828       9.1657       0.0000       0.0000       0.0000      30.6503       0.0000       7.9680       0.0000
      829       9.1468       0.0000       0.0000       0.0000      30.7705       0.0000       7.9523       0.0000
      830       9.1393       1.3833      12.3960       0.2275      30.8180    2661.0894       7.9462       0.3409
      831       9.1361       0.0000       0.0000       0.0000      30.8385       0.0000       7.9435       0.0000
      832       9.1253       0.0000       0.0000       0.0000      30.9075       0.0000       7.9346       0.0000
      833       9.1236       1.8492       3.1284       0.0921      30.9186    1342.8990       7.9332       1.6168
      834       9.1203       0.0000       0.0000       0.0000      30.9392       0.0000       7.9305       0.0000
      835       9.1153       3.1851       3.3824       0.1008      30.9712     332.8220       7.9264       2.9227
      836       9.1076       0.0000       0.0000       0.0000      31.0213       0.0000       7.9200       0.0000
      837       9.0978       0.0000       0.0000       0.0000      31.0841       0.0000       7.9119       0.0000
      838       9.0891       2.6364     703.2426       3.4827      31.1403     564.9552       7.9047       2.4426
      839       9.0731       1.4755     576.7698       2.9458      31.2444    2316.7566       7.8915       0.5169
      840       9.0665       2.7226       0.4601       0.0263      31.2871     515.5397       7.8861       2.5184
      841       9.0464       0.0000       0.0000       0.0000      31.4188       0.0000       7.8695       0.0000
      842       9.0309       0.0000       0.0000       0.0000      31.5205       0.0000       7.8567       0.0000
      843       9.0277       0.0000       0.0000       0.0000      31.5420       0.0000       7.8540       0.0000
      844       9.0226       0.0000       0.0000       0.0000      31.5752       0.0000       7.8499       0.0000
      845       9.0218       0.0000       0.0000       0.0000      31.5803       0.0000       7.8492       0.0000
      846       9.0199       2.6555      23.0703       0.3564      31.5934     553.4299       7.8476       2.4595
      847       9.0126       4.7630      73.3804       0.8145      31.6416     120.3691       7.8416       4.2816
      848       9.0122       0.0000       0.0000       0.0000      31.6442       0.0000       7.8413       0.0000
      849       9.0114       0.0000       0.0000       0.0000      31.6497       0.0000       7.8406       0.0000
      850       9.0073       0.0000       0.0000       0.0000      31.6769       0.0000       7.8372       0.0000
      851       8.9890       0.0000       0.0000       0.0000      31.7988       0.0000       7.8221       0.0000
      852       8.9627       0.0000       0.0000       0.0000      31.9752       0.0000       7.8004       0.0000
      853       8.9560       0.0000       0.0000       0.0000      32.0206       0.0000       7.7948       0.0000
      854       8.9429       0.0000       0.0000       0.0000      32.1088       0.0000       7.7841       0.0000
      855       8.9359       5.7989      26.1365       0.4186      32.1566      77.4475       7.7782       5.1606
      856       8.9354       7.9301     178.0922       1.5736      32.1600      40.2926       7.7778       6.9451
      857       8.9346       0.0000       0.0000       0.0000      32.1655       0.0000       7.7772       0.0000
      858       8.9136       1.4395      60.4498       0.6508      32.3085    2442.6636       7.7599       0.4384
      859       8.9004       0.0000       0.0000       0.0000      32.3990       0.0000       7.7490       0.0000
      860       8.8942       5.7061      33.0407       0.4879      32.4421      80.2709       7.7438       5.0822
      861       8.8915       0.0000       0.0000       0.0000      32.4607       0.0000       7.7416       0.0000
      862       8.8908       0.0000       0.0000       0.0000      32.4651       0.0000       7.7410       0.0000
      863       8.8818       0.0000       0.0000       0.0000      32.5277       0.0000       7.7335       0.0000
      864       8.8700       0.0000       0.0000       0.0000      32.6095       0.0000       7.7238       0.0000
      865       8.8674       5.6278       2.2133       0.0803      32.6271      82.7711       7.7217       5.0159
      866       8.8587       0.5410     564.1343       2.7932      32.6879  109814.1447       7.7145       0.0000
      867       8.8540       0.0000       0.0000       0.0000      32.7209       0.0000       7.7106       0.0000
      868       8.8315       0.0000       0.0000       0.0000      32.8784       0.0000       7.6920       0.0000
      869       8.8263       0.0000       0.0000       0.0000      32.9148       0.0000       7.6877       0.0000
      870       8.8214       2.7369       0.5227       0.0284      32.9493     507.8926       7.6837       2.5309
      871       8.8170       8.2514      26.9013       0.4481      32.9809      37.3803       7.6800       7.2118
      872       8.8148       2.1023     442.5918       2.4975      32.9962    1037.2248       7.6782       1.9265
      873       8.8055       7.2705       0.1593       0.0144      33.0617      47.4748       7.6705       6.3957
      874       8.8054       0.0000       0.0000       0.0000      33.0630       0.0000       7.6704       0.0000
      875       8.7972       0.0000       0.0000       0.0000      33.1209       0.0000       7.6637       0.0000
      876       8.7857       5.9776       0.2150       0.0171      33.2030      72.4036       7.6541       5.3113
      877       8.7819       5.6347       0.8830       0.0434      33.2296      82.5485       7.6510       5.0217
      878       8.7771       8.3389     188.7065       1.6436      33.2640      36.6431       7.6471       7.2843
      879       8.7671       6.6021       0.2192       0.0175      33.3358      58.0741       7.6388       5.8364
      880       8.7584       0.0000       0.0000       0.0000      33.3989       0.0000       7.6315       0.0000
      881       8.7579       0.0000       0.0000       0.0000      33.4022       0.0000       7.6312       0.0000
      882       8.7568       0.0000       0.0000       0.0000      33.4104       0.0000       7.6302       0.0000
      883       8.7507       0.0000       0.0000       0.0000      33.4541       0.0000       7.6252       0.0000
      884       8.7417       0.0000       0.0000       0.0000      33.5193       0.0000       7.6178       0.0000
      885       8.7366       0.0000       0.0000       0.0000      33.5565       0.0000       7.6135       0.0000
      886       8.7316       7.4768       0.7844       0.0417      33.5925      45.0316       7.6094       6.5678
      887       8.7295       6.3626       2.9501       0.0985      33.6080      63.0360       7.6077       5.6354
      888       8.7231       6.7551     444.8277       2.8152      33.6546      55.1938       7.6024       5.9647
      889       8.7223       5.1241      51.9131       0.6478      33.6604     101.9194       7.6017       4.5890
      890       8.7183       6.1402     152.0665       1.3578      33.6891      68.2158       7.5984       5.4483
      891       8.7022       0.0000       0.0000       0.0000      33.8075       0.0000       7.5851       0.0000
      892       8.6939       7.9792       3.1940       0.1074      33.8684      39.8261       7.5782       6.9858
      893       8.6693       6.8523      78.8940       0.8895      34.0499      53.4727       7.5579       6.0461
      894       8.6593       6.6928       0.3255       0.0228      34.1243      56.3411       7.5496       5.9125
      895       8.6408       0.0000       0.0000       0.0000      34.2627       0.0000       7.5343       0.0000
      896       8.6311       7.3258       7.8650       0.1930      34.3349      46.8006       7.5263       6.4419
      897       8.6267       0.0000       0.0000       0.0000      34.3683       0.0000       7.5226       0.0000
      898       8.6207       8.2860       0.2254       0.0184      34.4136      37.0864       7.5177       7.2404
      899       8.6098       0.0000       0.0000       0.0000      34.4954       0.0000       7.5087       0.0000
      900       8.6089       2.2992       1.4870       0.0560      34.5024     819.2686       7.5079       0.0000
      901       8.6059       7.2030     167.6895       1.4795      34.5251      48.3194       7.5055       6.3393
      902       8.5884       1.0538       0.1060       0.0092      34.6584    6648.5021       7.4909       0.2188
      903       8.5827       0.0000       0.0000       0.0000      34.7017       0.0000       7.4862       0.0000
      904       8.5801       0.0000       0.0000       0.0000      34.7214       0.0000       7.4841       0.0000
      905       8.5743       0.0000       0.0000       0.0000      34.7661       0.0000       7.4793       0.0000
      906       8.5569       0.0000       0.0000       0.0000      34.8995       0.0000       7.4649       0.0000
      907       8.5473       0.0000       0.0000       0.0000      34.9736       0.0000       7.4570       0.0000
      908       8.5453       0.0000       0.0000       0.0000      34.9895       0.0000       7.4553       0.0000
      909       8.5419       3.5864     373.5919       2.3103      35.0153     241.6657       7.4525       3.2710
      910       8.5254       7.4491       0.6527       0.0367      35.1438      45.3477       7.4388       6.5447
      911       8.5247       4.9559       0.4801       0.0283      35.1491     109.8433       7.4382       4.4459
      912       8.5203       0.0000       0.0000       0.0000      35.1837       0.0000       7.4346       0.0000
      913       8.5157       7.8439       2.3496       0.0870      35.2196      41.1338       7.4308       6.8733
      914       8.5129       3.0557       0.3504       0.0218      35.2410     372.2289       7.4285       2.8099
      915       8.4972       0.0000       0.0000       0.0000      35.3643       0.0000       7.4155       0.0000
      916       8.4948       2.0141       0.7771       0.0359      35.3833    1161.1514       7.4135       1.8083
      917       8.4946       1.6359     352.5876       2.0934      35.3849    1725.9741       7.4133       1.0300
      918       8.4619       0.0000       0.0000       0.0000      35.6437       0.0000       7.3862       0.0000
      919       8.4510       6.6303       0.1452       0.0132      35.7306      57.5277       7.3772       5.8601
      920       8.4172       0.0000       0.0000       0.0000      36.0021       0.0000       7.3492       0.0000
      921       8.4149       7.0867     265.5586       1.9970      36.0208      49.8280       7.3473       6.2422
      922       8.4088       0.0000       0.0000       0.0000      36.0698       0.0000       7.3422       0.0000
      923       8.3908       5.3800       0.4341       0.0266      36.2158      91.4729       7.3274       4.8061
      924       8.3856       0.0000       0.0000       0.0000      36.2584       0.0000       7.3230       0.0000
      925       8.3749       0.0000       0.0000       0.0000      36.3461       0.0000       7.3141       0.0000
      926       8.3717       0.0000       0.0000       0.0000      36.3722       0.0000       7.3115       0.0000
      927       8.3581       0.7189     452.5923       2.3837      36.4846   33123.1174       7.3002       0.0000
      928       8.3535       0.0000       0.0000       0.0000      36.5222       0.0000       7.2964       0.0000
      929       8.3496       0.0000       0.0000       0.0000      36.5548       0.0000       7.2931       0.0000
      930       8.3372       0.0000       0.0000       0.0000      36.6575       0.0000       7.2829       0.0000
      931       8.3358       1.0554      96.2387       0.8589      36.6686    6605.6991       7.2818       0.2188
      932       8.3265       7.3727       1.7316       0.0700      36.7459      46.2403       7.2741       6.4809
      933       8.3213       7.8635     168.3661       1.4951      36.7896      40.9401       7.2697       6.8897
      934       8.3181       0.0000       0.0000       0.0000      36.8168       0.0000       7.2670       0.0000
      935       8.3175       2.9990       0.9496       0.0420      36.8214     391.5249       7.2666       2.7604
      936       8.3084       0.0000       0.0000       0.0000      36.8973       0.0000       7.2591       0.0000
      937       8.3062       0.0000       0.0000       0.0000      36.9159       0.0000       7.2572       0.0000
      938       8.3057       0.0000       0.0000       0.0000      36.9201       0.0000       7.2568       0.0000
      939       8.3026       0.0000       0.0000       0.0000      36.9466       0.0000       7.2542       0.0000
      940       8.3014       0.0000       0.0000       0.0000      36.9564       0.0000       7.2532       0.0000
      941       8.2941       4.0867     146.7188       1.2475      37.0183     171.3570       7.2471       3.7024
      942       8.2923       0.0000       0.0000       0.0000      37.0327       0.0000       7.2457       0.0000
      943       8.2908       1.6546       0.4452       0.0243      37.0459    1668.3673       7.2444       1.1112
      944       8.2894       0.0000       0.0000       0.0000      37.0571       0.0000       7.2433       0.0000
      945       8.2882       0.0000       0.0000       0.0000      37.0672       0.0000       7.2423       0.0000
      946       8.2820       0.0000       0.0000       0.0000      37.1199       0.0000       7.2372       0.0000
      947       8.2786       0.0000       0.0000       0.0000      37.1488       0.0000       7.2343       0.0000
      948       8.2785       2.1905     124.0865       1.0550      37.1498     930.7750       7.2342       0.0000
      949       8.2705       0.0000       0.0000       0.0000      37.2180       0.0000       7.2276       0.0000
      950       8.2628       6.5888       3.2485       0.1045      37.2829      58.3344       7.2212       5.8253
      951       8.2618       0.0000       0.0000       0.0000      37.2921       0.0000       7.2204       0.0000
      952       8.2545       3.9546      55.0942       0.6463      37.3544     185.6636       7.2143       3.5889
      953       8.2389       0.0000       0.0000       0.0000      37.4881       0.0000       7.2014       0.0000
      954       8.2379       0.0000       0.0000       0.0000      37.4965       0.0000       7.2006       0.0000
      955       8.2378       1.9074      13.5254       0.2382      37.4973    1277.1311       7.2005       1.6831
      956       8.2317       2.0234       5.2155       0.1267      37.5499    1147.2172       7.1954       1.8206
      957       8.2285       1.7323       2.0382       0.0671      37.5772    1492.6126       7.1928       1.4858
      958       8.2233       6.5047       0.3155       0.0220      37.6222      60.0211       7.1885       5.7547
      959       8.2209       0.0000       0.0000       0.0000      37.6430       0.0000       7.1865       0.0000
      960       8.2178       5.7763      10.3079       0.2213      37.6695      78.1218       7.1839       5.1415
      961       8.2090       0.0000       0.0000       0.0000      37.7457       0.0000       7.1766       0.0000
      962       8.1979       2.7349       3.2252       0.0939      37.8430     508.9216       7.1674       2.5292
      963       8.1804       2.5154      14.2504       0.2511      37.9958     645.7413       7.1529       2.3362
      964       8.1797       0.0000       0.0000       0.0000      38.0015       0.0000       7.1523       0.0000
      965       8.1667       4.2638     215.7232       1.6152      38.1164     155.3881       7.1415       3.8545
      966       8.1529       7.8990       4.2021       0.1273      38.2383      40.5931       7.1300       6.9192
      967       8.1405       3.7786       3.8048       0.1079      38.3486     209.9304       7.1197       3.4371
      968       8.1379       0.0000       0.0000       0.0000      38.3715       0.0000       7.1176       0.0000
      969       8.1181       0.0000       0.0000       0.0000      38.5485       0.0000       7.1012       0.0000
      970       8.1123       4.4269     161.8568       1.3376      38.6006     142.5010       7.0963       3.9943
      971       8.1014       0.0000       0.0000       0.0000      38.6987       0.0000       7.0873       0.0000
      972       8.0906       0.0000       0.0000       0.0000      38.7959       0.0000       7.0784       0.0000
      973       8.0862       0.0000       0.0000       0.0000      38.8361       0.0000       7.0747       0.0000
      974       8.0857       2.2735       0.1902       0.0140      38.8407     843.9025       7.0743       0.0000
      975       8.0748       6.3677       0.2109       0.0167      38.9393      62.9255       7.0653       5.6396
      976       8.0701       1.1650       0.4813       0.0250      38.9826    4411.2525       7.0613       0.2188
      977       8.0461       4.0132       7.9622       0.1773      39.2023     178.6821       7.0414       3.6392
      978       8.0443       3.9257     216.9249       1.6009      39.2194     189.3760       7.0399       3.5639
      979       8.0323       1.5121      26.0099       0.3610      39.3301    2183.3303       7.0299       0.6088
      980       8.0187       1.6835       0.1199       0.0101      39.4556    1584.3038       7.0187       1.2475
      981       8.0169       0.0000       0.0000       0.0000      39.4729       0.0000       7.0171       0.0000
      982       8.0141       4.4258       1.4367       0.0572      39.4990     142.5843       7.0148       3.9933
      983       8.0107       0.0000       0.0000       0.0000      39.5308       0.0000       7.0120       0.0000
      984       8.0104       0.0000       0.0000       0.0000      39.5335       0.0000       7.0117       0.0000
